date,temperature,radiation,wind,precipitation
1980-01-01,-4.5323,2.8897,10.5935,0.8613
1980-02-01,0.9862,5.0579,11.5241,1.4207
1980-03-01,2.2871,9.4084,15.2677,0.8258
1980-04-01,6.37,13.231,13.0267,3.0267
1980-05-01,10.6355,19.3681,11.1,0.7677
1980-06-01,16.0567,17.7557,12.4033,2.9867
1980-07-01,16.4548,15.0729,11.8065,3.0581
1980-08-01,17.0645,13.7739,12.8806,1.8742
1980-09-01,14.41,10.786,11.35,1.4633
1980-10-01,9.2323,5.5971,15.5613,1.7871
1980-11-01,3.7533,2.5657,16.7533,1.4433
1980-12-01,1.0871,1.7684,16.9355,1.1903
1981-01-01,-1.2258,2.59,15.2484,2.1935
1981-02-01,0.7929,4.9989,14.95,0.8964
1981-03-01,6.7226,7.6045,14.1129,3.4032
1981-04-01,7.8,15.6547,12.2267,1.2633
1981-05-01,14.5258,18.901,11.7258,2.0806
1981-06-01,16.83,16.4463,12.63,1.4733
1981-07-01,17.7581,15.039,11.4968,2.3968
1981-08-01,17.1581,13.7703,11.9774,2.4806
1981-09-01,14.9867,10.7023,9.3667,2.1567
1981-10-01,9.0258,5.5639,14.4903,2.6774
1981-11-01,5.1267,2.9377,17.5267,1.7033
1981-12-01,-3.5194,2.141,13.1645,1.8323
1982-01-01,-2.229,2.7465,12.1258,1.6806
1982-02-01,0.125,5.5989,10.35,0.1929
1982-03-01,5.0484,10.6132,13.7,1.5032
1982-04-01,6.7333,15.788,13.32,1.0267
1982-05-01,13.2742,18.6871,10.5387,1.4258
1982-06-01,17.3833,18.6807,12.16,2.59
1982-07-01,19.7,19.4952,10.1516,1.629
1982-08-01,19.9806,16.0871,11.6097,0.7484
1982-09-01,17.63,12.435,10.5867,0.52
1982-10-01,11.071,5.8974,12.5419,1.8903
1982-11-01,6.5533,3.386,14.0433,0.7933
1982-12-01,2.3258,1.8161,14.9677,1.4226
1983-01-01,4.7065,2.2435,21.3161,1.8129
1983-02-01,-1.3286,4.9004,12.6893,1.0786
1983-03-01,5.3129,8.1113,14.771,1.1226
1983-04-01,9.2733,13.127,12.5567,2.6067
1983-05-01,13.3032,15.559,10.5,3.6097
1983-06-01,16.55,19.0867,10.94,0.7733
1983-07-01,20.871,20.7129,11.8032,0.6032
1983-08-01,19.2613,16.1994,10.4065,2.3677
1983-09-01,15.1467,9.684,14.9233,1.47
1983-10-01,10.2065,5.6403,16.2742,1.3161
1983-11-01,4.37,3.1313,13.0233,1.3733
1983-12-01,0.9097,2.1787,14.6452,1.871
1984-01-01,1.5323,2.5171,17.8097,2.1387
1984-02-01,0.4862,5.3334,12.9517,1.3103
1984-03-01,2.3161,10.2587,11.9935,0.329
1984-04-01,7.61,14.7123,10.2,1.12
1984-05-01,12.9871,15.3352,11.5226,2.8129
1984-06-01,14.59,14.8347,15.1167,2.1433
1984-07-01,16.5387,15.2042,13.1,1.6032
1984-08-01,18.6871,15.4835,9.7839,1.7129
1984-09-01,13.3633,8.521,13.63,2.3867
1984-10-01,11.3677,5.6571,14.4,1.1677
1984-11-01,4.6567,3.546,14.6233,1.78
1984-12-01,0.6613,2.0094,12.3129,0.8548
1985-01-01,-5.9194,2.9503,13.2613,1.0516
1985-02-01,-2.7643,5.4082,14.0821,0.7857
1985-03-01,3.4065,7.8813,12.2129,1.3903
1985-04-01,7.9967,14.1763,13.3633,2.0833
1985-05-01,14.6484,18.8374,12.2839,1.5613
1985-06-01,14.83,16.673,12.1533,2.3967
1985-07-01,18.2226,17.8439,11.4323,1.3806
1985-08-01,17.8774,15.0848,10.729,2.3581
1985-09-01,14.05,9.2867,14.88,1.4567
1985-10-01,10.3452,5.8229,10.6161,0.5355
1985-11-01,1.7267,2.955,15.1233,0.9967
1985-12-01,4.0,1.6613,15.3742,2.4226
1986-01-01,-0.0774,2.6229,17.0839,1.8903
1986-02-01,-6.8429,6.3668,12.8036,0.7536
1986-03-01,3.2968,8.6506,14.2742,1.8742
1986-04-01,6.91,12.2177,11.76,2.1033
1986-05-01,14.8839,17.6423,11.5194,3.1323
1986-06-01,16.16,19.4493,11.7633,2.3333
1986-07-01,18.5839,17.8352,11.2065,1.5839
1986-08-01,17.571,14.8742,11.2387,2.2226
1986-09-01,11.9867,8.492,12.56,1.3567
1986-10-01,10.1387,6.2758,13.5387,1.6129
1986-11-01,6.8267,3.4753,14.6133,0.74
1986-12-01,2.1484,1.8106,16.2677,3.1161
1987-01-01,-8.1452,3.1071,13.8387,1.8097
1987-02-01,-1.1036,4.4479,12.4286,1.4929
1987-03-01,0.0742,10.0494,12.8452,0.7839
1987-04-01,8.88,13.7797,10.8867,1.6167
1987-05-01,10.7355,16.531,11.9548,1.9516
1987-06-01,14.97,15.6683,11.4767,2.5833
1987-07-01,17.6645,16.649,11.4742,3.6774
1987-08-01,16.1452,13.521,12.2,2.2806
1987-09-01,14.55,9.7723,12.19,2.4367
1987-10-01,10.3226,6.829,14.0097,0.5387
1987-11-01,6.0433,1.923,13.6167,2.06
1987-12-01,2.4645,1.7255,13.1516,1.2
1988-01-01,3.4194,2.359,14.1774,1.4968
1988-02-01,2.6862,5.0676,16.5517,3.1276
1988-03-01,2.7129,8.8074,14.229,2.1258
1988-04-01,8.3367,15.6823,12.83,0.2433
1988-05-01,15.8484,19.8852,13.0903,0.5097
1988-06-01,16.5167,16.3943,10.7467,2.9267
1988-07-01,18.6613,17.0677,11.2355,2.2194
1988-08-01,18.0645,14.7739,10.4484,1.1129
1988-09-01,14.65,9.2557,12.9467,1.07
1988-10-01,10.4161,5.7561,13.6,0.8613
1988-11-01,3.02,3.0757,14.0467,1.12
1988-12-01,3.3129,1.5671,18.2903,2.0484
1989-01-01,3.2323,2.4777,13.5387,0.2935
1989-02-01,4.1714,4.7268,14.95,1.175
1989-03-01,6.9387,9.7632,13.9548,1.3645
1989-04-01,8.8933,14.0497,13.4833,1.9467
1989-05-01,14.6161,21.2761,11.2516,0.5161
1989-06-01,17.1567,19.673,10.1033,1.42
1989-07-01,19.0097,17.1397,13.2258,1.9839
1989-08-01,18.529,14.7997,12.0323,1.5323
1989-09-01,16.5933,10.875,10.57,0.5033
1989-10-01,11.7806,6.3119,14.0258,1.2161
1989-11-01,3.0967,3.6123,11.6,1.9333
1989-12-01,2.6452,2.019,13.3677,1.7774
1990-01-01,3.6,2.3523,15.7065,0.8387
1990-02-01,6.2429,5.9936,17.5643,1.6429
1990-03-01,7.7226,8.5758,17.0968,1.5
1990-04-01,8.69,15.6277,13.0367,1.3167
1990-05-01,14.9419,20.5881,10.1,0.5355
1990-06-01,16.6,15.9423,10.44,6.4067
1990-07-01,17.371,17.5716,13.6645,0.9032
1990-08-01,19.5065,16.6974,10.5516,1.5129
1990-09-01,12.8767,9.2567,14.7267,2.3733
1990-10-01,10.7774,7.1839,13.5548,0.8548
1990-11-01,5.3467,2.4833,13.1433,1.8767
1990-12-01,0.5806,2.0887,14.2129,2.1645
1991-01-01,2.1935,2.5042,14.6548,0.8065
1991-02-01,-2.6143,5.5575,13.0429,0.7321
1991-03-01,6.4806,9.9703,11.9903,0.9484
1991-04-01,7.6967,15.2097,10.64,1.6767
1991-05-01,10.1387,15.8306,12.3903,1.5032
1991-06-01,15.01,18.869,12.9,2.1667
1991-07-01,20.4839,20.4584,11.7097,0.6581
1991-08-01,18.9065,14.0203,11.4548,1.5032
1991-09-01,16.2067,11.3213,11.7633,1.2533
1991-10-01,9.7903,7.269,14.1484,0.5323
1991-11-01,4.5367,2.9473,14.0867,1.55
1991-12-01,1.4226,2.1532,14.9516,1.3161
1992-01-01,1.3194,2.1581,14.6355,1.3032
1992-02-01,3.5207,4.5297,14.7655,1.1379
1992-03-01,5.2258,9.0261,15.6516,2.7935
1992-04-01,8.33,14.3703,12.6533,1.4333
1992-05-01,14.5839,19.3084,12.9258,0.829
1992-06-01,20.1967,21.6427,12.7767,0.26
1992-07-01,20.7774,18.541,11.271,1.3806
1992-08-01,21.0194,14.7616,11.971,2.0452
1992-09-01,14.4567,11.5527,12.36,1.1633
1992-10-01,6.7452,5.6574,12.9161,1.4387
1992-11-01,4.9833,2.9387,16.92,1.8367
1992-12-01,1.3032,2.0323,12.9032,1.571
1993-01-01,2.4097,2.8732,20.3871,1.9129
1993-02-01,0.1571,5.1125,12.65,1.2321
1993-03-01,3.6194,10.03,13.7871,0.6645
1993-04-01,10.42,16.963,12.7067,0.69
1993-05-01,16.7935,18.5277,11.3935,2.3129
1993-06-01,15.7533,17.2333,12.5433,3.7267
1993-07-01,16.7258,16.1623,13.1452,3.2258
1993-08-01,16.3161,14.6077,11.6097,1.8613
1993-09-01,13.0367,8.617,11.97,2.9633
1993-10-01,8.8839,6.3248,12.4613,0.6935
1993-11-01,0.2433,2.8927,10.8167,1.04
1993-12-01,2.8032,1.7742,17.3452,2.9355
1994-01-01,3.329,2.1765,17.5,2.6032
1994-02-01,-0.8786,5.8621,12.3821,0.4143
1994-03-01,5.6387,7.5642,17.5613,3.0742
1994-04-01,9.1633,14.4447,11.8967,2.2667
1994-05-01,13.1032,16.7884,11.9032,2.5968
1994-06-01,16.1067,18.952,13.1733,1.0967
1994-07-01,22.8226,22.3148,9.6,0.9645
1994-08-01,19.0677,14.8726,11.2774,3.7806
1994-09-01,14.3167,8.941,13.0567,3.1533
1994-10-01,7.8581,6.9519,12.729,1.1677
1994-11-01,6.94,2.976,14.8733,1.07
1994-12-01,3.6387,2.0184,15.4774,1.7968
1995-01-01,0.6097,2.6329,16.9,2.2097
1995-02-01,4.675,4.81,17.4214,2.1679
1995-03-01,3.7,10.0432,17.0516,1.9613
1995-04-01,8.61,13.6577,15.42,1.7733
1995-05-01,12.8129,18.6839,11.6903,1.6484
1995-06-01,15.2,17.1117,10.7333,3.1767
1995-07-01,20.8935,20.8903,10.3774,1.4742
1995-08-01,20.2742,17.4113,11.1355,1.4903
1995-09-01,14.0467,9.5063,13.05,2.4333
1995-10-01,12.5484,6.6729,10.329,0.2903
1995-11-01,2.4833,3.3717,13.32,1.4833
1995-12-01,-2.8419,2.0455,11.5194,1.0806
1996-01-01,-4.0742,3.0681,13.1548,0.0516
1996-02-01,-2.6966,5.7166,13.4793,1.1897
1996-03-01,0.9097,10.2381,13.4226,0.6484
1996-04-01,8.2933,16.2703,10.4133,0.5233
1996-05-01,12.2355,14.4887,11.4065,2.5387
1996-06-01,16.1967,18.01,11.0333,1.0833
1996-07-01,16.2806,15.691,12.1355,3.7065
1996-08-01,18.4097,15.4516,10.6355,2.4419
1996-09-01,11.7167,9.691,13.23,1.5833
1996-10-01,10.1839,5.7003,11.3968,1.8774
1996-11-01,5.33,2.566,14.9267,1.4667
1996-12-01,-2.3774,2.3016,10.6774,0.6161
1997-01-01,-2.6258,2.6781,10.5387,0.2355
1997-02-01,3.975,5.225,17.3107,2.1321
1997-03-01,4.9742,10.109,13.1516,0.9484
1997-04-01,6.1733,14.5477,15.0033,1.2467
1997-05-01,13.2419,18.2458,12.1613,2.3419
1997-06-01,16.8333,20.123,11.5767,2.38
1997-07-01,18.4677,17.5581,10.7806,2.7968
1997-08-01,21.429,16.8287,9.2226,1.3903
1997-09-01,14.6867,11.318,11.7567,1.11
1997-10-01,8.4129,6.3145,14.8032,1.3355
1997-11-01,3.34,2.9213,11.4633,0.5467
1997-12-01,1.871,1.6903,14.2097,1.8
1998-01-01,2.7548,2.5465,14.6871,2.0484
1998-02-01,5.3536,4.5839,16.4071,0.6107
1998-03-01,4.3323,9.5126,15.0355,1.8323
1998-04-01,9.9467,12.3193,11.95,1.8333
1998-05-01,14.8968,19.2368,11.5742,0.829
1998-06-01,17.5867,17.8433,10.81,2.2267
1998-07-01,17.271,16.4303,13.8355,1.871
1998-08-01,17.271,14.7132,13.671,1.8323
1998-09-01,14.2633,8.494,10.55,1.3933
1998-10-01,9.1097,4.9726,18.7258,3.3
1998-11-01,1.6933,3.0203,12.1333,1.35
1998-12-01,0.6,2.2784,15.4194,1.2
1999-01-01,2.729,2.5587,13.7806,1.0516
1999-02-01,1.1143,4.9989,15.9464,1.4929
1999-03-01,5.2258,8.7361,11.8097,1.6194
1999-04-01,9.6033,14.606,11.84,1.7467
1999-05-01,13.829,19.2316,11.6516,1.4065
1999-06-01,16.2067,16.913,10.17,2.43
1999-07-01,20.329,19.2429,11.7065,1.5323
1999-08-01,18.8323,15.491,11.6097,1.0581
1999-09-01,18.37,11.9133,11.9733,1.08
1999-10-01,10.0806,5.6052,15.0935,0.7032
1999-11-01,4.1233,2.959,11.13,0.9
1999-12-01,2.6806,1.9642,18.1581,2.2806
2000-01-01,1.3806,2.3952,16.0935,1.3161
2000-02-01,4.0621,4.779,16.2759,1.8034
2000-03-01,5.2484,7.1987,16.1871,2.8871
2000-04-01,11.1533,15.7353,11.83,0.9
2000-05-01,15.8677,20.6439,10.8,1.1613
2000-06-01,18.0367,20.1997,13.1867,1.19
2000-07-01,16.5032,13.7087,12.0161,2.571
2000-08-01,18.229,15.9652,9.4645,1.5355
2000-09-01,14.37,9.4313,12.32,1.58
2000-10-01,12.3129,5.4987,12.4387,0.9323
2000-11-01,6.7267,3.4583,12.1267,0.9533
2000-12-01,2.9,2.1019,13.0097,1.5065
2001-01-01,0.8516,2.4732,11.671,1.2774
2001-02-01,1.5357,5.1664,14.05,1.4464
2001-03-01,2.6387,7.9152,13.0581,2.2097
2001-04-01,7.7067,13.432,12.2167,1.6967
2001-05-01,14.2419,19.2535,12.4548,1.2161
2001-06-01,14.9267,17.6313,11.4267,1.8867
2001-07-01,19.6806,17.989,10.6968,1.8774
2001-08-01,19.629,14.6061,11.8968,2.4871
2001-09-01,13.0133,8.0097,13.1633,4.0033
2001-10-01,13.0516,5.4413,12.6452,1.3323
2001-11-01,4.2467,2.9717,14.1067,1.13
2001-12-01,-0.1,1.8577,14.8677,1.5548
2002-01-01,1.8129,2.6077,14.9645,1.3226
2002-02-01,5.0036,5.1854,17.9321,3.0
2002-03-01,5.3065,9.4894,13.1839,1.3387
2002-04-01,8.0567,12.8457,10.84,1.87
2002-05-01,15.271,15.9674,9.9677,3.4484
2002-06-01,17.4367,17.3843,12.4367,1.2633
2002-07-01,19.1097,16.0984,12.2484,2.5419
2002-08-01,20.6935,15.9758,9.2613,4.171
2002-09-01,14.8067,11.0887,10.8533,1.69
2002-10-01,8.3452,6.0006,14.8129,2.7677
2002-11-01,4.2933,2.7763,11.48,2.3267
2002-12-01,-1.7065,2.0877,13.2,0.4871
2003-01-01,-0.5484,2.221,12.8548,1.4226
2003-02-01,-1.825,6.3039,9.8107,0.1821
2003-03-01,3.8323,10.2065,11.2613,0.8806
2003-04-01,8.47,16.9963,13.73,0.93
2003-05-01,15.5839,20.06,11.0871,0.8839
2003-06-01,20.0633,21.3193,11.7033,0.8167
2003-07-01,20.4097,18.2584,10.3645,2.0323
2003-08-01,21.3355,17.8935,11.5032,0.4774
2003-09-01,15.67,11.9447,10.4533,1.53
2003-10-01,6.5677,6.2552,11.5355,1.671
2003-11-01,6.3233,3.3247,13.08,0.7767
2003-12-01,2.5516,2.1806,15.2935,1.3194
2004-01-01,-1.1774,2.4932,12.2677,2.2806
2004-02-01,2.5621,5.0669,14.4379,1.7345
2004-03-01,4.9677,9.1694,13.6516,0.7935
2004-04-01,9.7767,15.313,11.25,1.16
2004-05-01,12.9806,16.6165,11.9387,1.6774
2004-06-01,16.0933,17.9913,12.3033,1.6567
2004-07-01,17.9581,18.5319,11.3129,2.1129
2004-08-01,20.3194,16.2077,11.1548,1.5419
2004-09-01,15.0333,11.7617,12.8867,0.9467
2004-10-01,10.7194,6.5684,12.0677,1.1355
2004-11-01,4.9967,3.1863,13.6833,1.9433
2004-12-01,2.2839,1.7235,13.1742,0.9548
2005-01-01,2.7613,2.6468,17.1194,1.471
2005-02-01,-0.5286,5.2004,13.7286,1.3321
2005-03-01,2.6065,10.0919,13.2581,0.9548
2005-04-01,9.5567,16.911,11.0033,0.8667
2005-05-01,13.6548,18.1887,10.7839,2.8613
2005-06-01,16.97,20.6943,11.4633,1.0233
2005-07-01,19.2871,16.4787,10.9129,4.4097
2005-08-01,17.0194,14.7442,10.8355,1.8516
2005-09-01,16.1767,11.9673,9.2867,1.59
2005-10-01,11.8129,7.3565,12.2935,0.929
2005-11-01,4.9667,3.367,11.3467,0.81
2005-12-01,0.8677,1.7229,13.7774,1.9516
2006-01-01,-4.8258,3.2287,10.7097,0.6935
2006-02-01,-0.0786,4.5079,11.6393,1.4607
2006-03-01,1.2323,8.6455,11.4935,1.8968
2006-04-01,8.6933,14.9857,10.61,2.1
2006-05-01,13.9419,19.8106,13.0871,1.8387
2006-06-01,18.0433,20.5597,8.7867,1.0967
2006-07-01,24.0968,22.82,9.3032,1.171
2006-08-01,17.8742,14.1071,11.9516,2.4194
2006-09-01,18.38,12.73,13.1767,0.6467
2006-10-01,13.1613,6.5165,12.729,0.9613
2006-11-01,7.6633,3.2347,15.5867,1.2467
2006-12-01,5.7968,1.9148,14.6226,0.8839
2007-01-01,5.2806,2.2071,21.4581,2.9806
2007-02-01,3.2786,4.4454,14.1679,1.8536
2007-03-01,7.0774,9.9848,14.471,2.2
2007-04-01,11.18,17.823,12.8333,0.0867
2007-05-01,15.5871,18.6845,11.3806,3.5323
2007-06-01,18.9367,18.703,11.34,2.82
2007-07-01,18.5032,17.4161,13.1452,3.9452
2007-08-01,18.5387,15.5397,10.7355,1.9968
2007-09-01,13.7333,9.591,13.74,2.6
2007-10-01,9.0097,5.9632,10.1968,0.3161
2007-11-01,3.9567,2.8457,14.57,1.5833
2007-12-01,2.1871,1.9006,12.8968,1.1226
2008-01-01,3.5806,2.4384,16.9968,3.1613
2008-02-01,4.3621,4.9417,14.2069,0.6034
2008-03-01,4.7774,9.9029,16.3161,2.4419
2008-04-01,8.37,12.51,11.1667,2.5667
2008-05-01,14.9452,20.7239,10.5645,0.6032
2008-06-01,18.8,21.2573,12.22,1.22
2008-07-01,19.829,18.9606,11.9742,1.3645
2008-08-01,19.2161,14.3458,13.1129,1.5871
2008-09-01,14.0533,10.335,10.9,1.2467
2008-10-01,9.9355,5.6519,12.5484,2.2323
2008-11-01,5.98,2.7313,14.8367,0.8267
2008-12-01,1.9774,1.7126,12.4,1.0194
2009-01-01,-2.3419,2.6316,10.9613,0.8419
2009-02-01,0.5143,4.3636,13.5821,1.7536
2009-03-01,4.9452,7.7645,13.6774,1.5903
2009-04-01,12.4167,19.0743,12.42,0.5133
2009-05-01,14.3903,18.6355,12.4097,2.4839
2009-06-01,15.67,18.407,13.6033,2.4167
2009-07-01,19.3387,19.0226,11.4452,3.2548
2009-08-01,20.2097,17.7632,11.1,0.8935
2009-09-01,16.07,11.4213,11.7867,0.83
2009-10-01,8.2613,5.1584,13.3323,2.9774
2009-11-01,7.54,3.0987,14.2567,2.24
2009-12-01,0.2097,1.7397,11.4903,1.8161
2010-01-01,-5.9871,2.9097,13.0355,1.4065
2010-02-01,-1.375,5.1507,12.6107,1.0107
2010-03-01,4.4387,9.4639,13.7742,1.6194
2010-04-01,8.9167,16.6443,12.5733,0.5267
2010-05-01,11.3387,12.471,11.6355,3.3484
2010-06-01,17.4367,20.9583,10.4967,0.36
2010-07-01,22.7774,20.83,9.7387,1.6903
2010-08-01,18.5097,13.6077,10.7032,5.6194
2010-09-01,13.53,9.915,12.44,3.15
2010-10-01,8.3645,6.6297,13.771,0.4903
2010-11-01,5.0233,2.2177,13.33,3.7267
2010-12-01,-4.8355,1.9971,13.8419,2.3258
2011-01-01,0.9097,2.3932,11.6935,1.1194
2011-02-01,-0.0071,5.6061,15.6036,0.8
2011-03-01,4.2032,11.0361,11.6774,0.7839
2011-04-01,12.0133,15.6933,13.4167,0.9
2011-05-01,15.1516,20.5642,12.1032,0.9484
2011-06-01,18.5833,20.6977,12.07,1.64
2011-07-01,17.6226,13.571,13.9935,7.6323
2011-08-01,18.6903,15.6239,11.7226,1.5161
2011-09-01,15.9,11.8287,10.7267,1.9233
2011-10-01,10.3774,7.319,12.9581,1.2355
2011-11-01,4.5933,4.038,11.3367,0.0067
2011-12-01,4.2258,1.6548,18.5452,2.4613
2012-01-01,1.8516,2.4077,17.3129,2.6194
2012-02-01,-1.8517,5.3638,14.531,1.1172
2012-03-01,6.6742,10.189,13.6258,0.4419
2012-04-01,9.0067,15.6443,12.1933,1.03
2012-05-01,15.4677,19.8648,12.6613,1.8516
2012-06-01,16.36,17.614,11.8833,3.0867
2012-07-01,18.6097,17.8523,10.8742,4.4355
2012-08-01,19.0903,16.2065,9.6935,1.1871
2012-09-01,15.1967,11.6883,11.58,1.27
2012-10-01,9.4032,6.5845,12.0387,1.4258
2012-11-01,5.4967,2.946,12.2967,1.5867
2012-12-01,0.4516,1.9748,13.3258,1.6871
2013-01-01,-0.1871,2.1397,13.6387,1.729
2013-02-01,-0.1393,4.3436,11.8607,1.2464
2013-03-01,-1.7677,10.5935,13.1,1.1839
2013-04-01,7.99,13.9063,11.1133,1.15
2013-05-01,13.8839,16.29,11.2516,3.4
2013-06-01,17.18,19.7407,12.2933,2.4167
2013-07-01,20.5419,20.7497,9.6065,1.7548
2013-08-01,19.5871,16.0523,10.0645,1.2645
2013-09-01,13.7233,8.776,12.32,1.9333
2013-10-01,11.4,6.2452,13.1806,2.1645
2013-11-01,5.4233,2.433,13.0067,2.2833
2013-12-01,4.2032,1.979,15.3129,1.2161
2014-01-01,0.8419,2.6732,14.7806,1.1677
2014-02-01,4.1536,6.4054,12.9893,0.6214
2014-03-01,7.4355,10.5148,12.1677,0.7452
2014-04-01,11.5967,15.678,11.82,1.7167
2014-05-01,13.5161,17.0984,12.9226,3.0161
2014-06-01,17.0733,18.6303,10.4967,1.7633
2014-07-01,21.2355,20.2558,10.1581,3.7355
2014-08-01,17.6258,16.2645,10.6645,2.1065
2014-09-01,16.3567,10.816,11.5567,1.4533
2014-10-01,12.7968,6.1226,10.5871,1.5806
2014-11-01,7.2333,3.2457,11.8267,0.3
2014-12-01,2.7161,1.7319,16.0806,1.8839
2015-01-01,2.7419,2.0819,16.871,2.2903
2015-02-01,1.1786,6.075,12.2643,0.2214
2015-03-01,5.6194,9.9045,14.4258,1.4161
2015-04-01,8.6667,16.1433,12.64,0.9333
2015-05-01,13.3323,18.2084,11.8871,1.0871
2015-06-01,16.7633,19.112,11.0667,1.5167
2015-07-01,20.0742,19.4348,13.1065,2.471
2015-08-01,22.5484,18.6835,10.7774,1.1839
2015-09-01,14.8733,11.7217,12.3367,1.5233
2015-10-01,8.9548,6.0106,10.429,2.3161
2015-11-01,7.4367,3.0153,15.1167,2.82
2015-12-01,6.9677,1.9471,16.0613,1.0323
2016-01-01,-0.3355,2.4332,13.7194,1.5065
2016-02-01,3.6483,5.0959,15.7483,1.9793
2016-03-01,4.3774,8.6745,10.8677,1.0387
2016-04-01,8.7133,15.3177,11.6,1.3167
2016-05-01,15.671,19.7642,12.0226,0.9387
2016-06-01,19.0567,20.3603,9.5067,2.78
2016-07-01,20.2935,17.7542,11.2839,1.4871
2016-08-01,19.2903,15.8265,10.8387,0.7516
2016-09-01,18.9433,12.9597,10.1733,0.4867
2016-10-01,9.2032,4.7745,11.371,2.0613
2016-11-01,3.8867,3.191,12.2867,1.0467
2016-12-01,2.6129,1.811,13.8129,1.4161
2017-01-01,-1.5581,2.6687,13.0871,1.4742
2017-02-01,1.6964,4.7643,15.2143,1.3179
2017-03-01,6.7226,9.2761,13.2613,1.9581
2017-04-01,7.75,14.1093,14.8433,1.6933
2017-05-01,14.4194,17.3687,12.4548,1.0645
2017-06-01,18.09,18.3727,13.6867,7.3433
2017-07-01,18.2645,17.1061,11.2226,3.1452
2017-08-01,18.7645,15.3423,11.9774,2.2194
2017-09-01,14.03,10.7577,13.0433,1.3567
2017-10-01,11.7839,5.3184,16.6161,2.1581
2017-11-01,5.83,2.7873,14.5067,2.2233
2017-12-01,3.2194,1.7335,17.0968,1.5484
2018-01-01,3.0387,2.2613,16.9226,2.471
2018-02-01,-1.5786,6.4636,10.9357,0.25
2018-03-01,1.3548,8.5729,14.4774,1.671
2018-04-01,12.6933,17.076,13.5633,0.93
2018-05-01,17.6774,22.4832,13.4581,0.1742
2018-06-01,19.21,20.3307,13.2867,0.8833
2018-07-01,21.2387,21.7277,11.0935,1.9097
2018-08-01,21.9226,18.3306,12.2645,0.6387
2018-09-01,16.73,12.5753,12.65,1.35
2018-10-01,11.371,7.5252,14.7774,0.6161
2018-11-01,5.47,3.509,12.68,0.5467
2018-12-01,4.1516,1.5797,15.8419,2.0097
2019-01-01,1.1194,2.5203,16.4903,2.1935
2019-02-01,4.0286,6.2389,14.3143,1.0107
2019-03-01,6.8677,7.8968,17.8774,2.2484
2019-04-01,10.6467,17.4277,14.4433,0.5067
2019-05-01,12.6806,17.2065,13.7935,1.3323
2019-06-01,23.03,24.0813,12.7333,1.4633
2019-07-01,20.3258,18.83,12.9258,1.1032
2019-08-01,21.1419,17.3987,10.7613,0.6935
2019-09-01,15.3633,11.307,13.4567,2.12
2019-10-01,11.3581,6.9419,13.0516,1.9935
2019-11-01,6.3267,3.107,13.1333,1.7433
2019-12-01,4.1097,2.2052,14.5548,1.0387
2020-01-01,4.1,2.6832,15.6548,1.3
2020-02-01,5.8,4.6938,20.7207,3.4724
2020-03-01,5.0774,10.4368,14.7903,1.1097
2020-04-01,10.2967,18.389,12.7767,0.1367
2020-05-01,12.5065,18.0429,13.6097,1.4355
2020-06-01,19.0933,19.5763,12.9667,1.7067
2020-07-01,18.6194,18.3471,12.029,1.8871
2020-08-01,22.2903,16.9726,11.8065,1.2581
2020-09-01,15.8233,12.2993,10.6,1.95
2020-10-01,11.3452,5.7577,14.271,2.0452
2020-11-01,7.01,3.4657,12.5767,0.5833
2020-12-01,3.2161,2.2035,13.8968,0.8581
2021-01-01,0.7,2.0006,13.3,2.1097
2021-02-01,0.0286,6.0582,12.6107,1.6
2021-03-01,4.6839,9.7158,13.3645,1.2161
2021-04-01,6.4967,14.4343,14.3667,1.1333
2021-05-01,12.0065,18.7145,14.5677,2.3806
2021-06-01,21.0433,21.678,10.8167,1.9
2021-07-01,20.3742,18.0497,11.4419,2.5419
2021-08-01,17.5484,14.7077,12.6774,2.9097
2021-09-01,15.9733,11.2843,11.5,0.7867
2021-10-01,10.5097,7.1255,14.1194,1.3903
2021-11-01,5.8833,2.6473,13.5567,2.19
2021-12-01,1.6032,1.6597,13.3484,1.5161
2022-01-01,3.1419,2.3687,16.9903,0.9194
2022-02-01,4.6821,5.04,21.0464,2.3714
2022-03-01,4.4484,12.3384,11.8581,0.0774
2022-04-01,8.16,14.8367,15.3633,1.26
2022-05-01,15.5226,20.5635,13.3065,1.6161
2022-06-01,19.9833,23.2433,11.3533,1.17
2022-07-01,20.2484,20.7442,12.8548,1.4484
2022-08-01,21.7484,16.7316,9.9032,2.0452
2022-09-01,13.7067,12.1987,12.1033,1.6967
2022-10-01,12.6613,7.8558,12.0903,1.0
2022-11-01,5.6267,3.8327,13.0467,0.8067
2022-12-01,1.5129,1.7365,13.3161,1.7516
2023-01-01,4.0258,2.2155,16.1968,2.1774
2023-02-01,2.8393,4.9825,14.9214,1.675
2023-03-01,5.4613,8.9781,14.671,2.8
2023-04-01,7.6967,13.4,13.47,1.59
2023-05-01,13.8645,21.8661,13.3839,0.5194
2023-06-01,19.3833,22.2983,11.8867,2.7167
2023-07-01,20.1226,20.9326,13.7806,2.9742
2023-08-01,19.5839,16.4181,11.9774,2.7677
2023-09-01,18.9033,14.629,10.7733,0.46
2023-10-01,12.0613,6.0197,14.7742,2.9806
2023-11-01,5.4567,3.4777,16.2267,2.47
2023-12-01,3.6581,1.7855,17.3323,4.0677
2024-01-01,1.1968,2.6906,17.5806,1.8452
2024-02-01,6.5793,4.5155,16.9759,3.0069
2024-03-01,7.5581,10.2839,13.0194,1.0935
2024-04-01,10.89,15.3117,13.8133,1.4367
2024-05-01,16.8677,20.8932,13.1065,3.0161
2024-06-01,17.9733,21.1727,12.1833,2.1667
2024-07-01,20.3645,20.2603,11.7613,1.8935
2024-08-01,21.4226,18.3132,11.6323,0.5903
2024-09-01,17.47,12.8127,16.1967,1.48
2024-10-01,11.4581,7.0539,13.7387,1.571
2024-11-01,5.2933,3.0143,12.0633,2.0033
2024-12-01,3.7,1.6145,12.1806,1.2
