date,real_oil_price,world_oil_production,world_oil_inventories,world_ip,us_ip,us_cpi
1974-01-01,307.281201609687,1092.3669721500423,627.7492218910556,378.7043512276149,385.2449206304104,384.5883202923601
1974-02-01,306.2184923522584,1093.2088594206068,631.571356154962,378.25362223318086,384.93685749432325,385.6510295497887
1974-03-01,305.16695795230606,1093.978107680498,631.2600973129355,378.1894046527099,384.9579355182195,386.70256394974103
1974-04-01,304.54130419087556,1095.273451165891,634.3548745790506,378.21530159645727,384.65240231954505,387.3282177111716
1974-05-01,303.50716881140227,1095.5689343381573,637.8878118554424,378.70929153152167,385.4071806829154,388.36235309064483
1974-06-01,302.68749209098445,1094.8312210474514,639.5161103164099,378.414622388515,385.2892766465243,389.18202981106265
1974-07-01,302.0771137971827,1092.8901711428637,641.3831509817019,377.4916085359918,385.33446134771106,389.7924081048644
1974-08-01,300.8674216262998,1090.2316337656255,642.2678103752779,377.34386394376816,384.3491456087197,391.0021002757473
1974-09-01,299.4743642727051,1091.2193368375058,642.3169842212786,376.18213180562526,384.4088859008257,392.395157629342
1974-10-01,308.56805102169307,1091.5324799921489,641.3298368541361,375.14473629949634,384.02262066084603,393.18256327243256
1974-11-01,307.5924335271566,1091.6687185578305,641.2918660176412,373.2001681069947,380.68002580576115,394.15818076696905
1974-12-01,306.8187352769413,1090.7715898976087,641.7826688534187,370.28306815867865,377.0929376752254,394.9318790171843
1975-01-01,306.0509771870379,1086.7043476877398,642.5779151153774,369.070877987681,375.71127038279747,395.6996371070877
1975-02-01,305.4790023197592,1084.754908135564,645.5352551567289,368.0367832821662,373.3616176079985,396.2716119743664
1975-03-01,305.09949522290407,1084.5952725379746,644.6077773016203,367.248657202378,372.2947491930031,396.6511190712216
1975-04-01,304.72142293891346,1083.852152722742,643.8371608966,367.28882740158537,372.39038751358083,397.0291913552122
1975-05-01,304.5329214693363,1084.3123648405274,642.485580326177,366.63290952585976,372.1651534844053,397.2176928247893
1975-06-01,303.78244890392955,1086.8092144688835,642.363508420533,367.4156349173055,372.8201123709406,397.9681653901961
1975-07-01,302.8522096376982,1089.4069096990534,639.5540930344841,367.5278884237024,373.77291403214207,398.89840465642743
1975-08-01,302.4825234495656,1091.5397507364946,639.1094341776009,367.9652768866118,374.8152574828756,399.26809084456005
1975-09-01,301.74722601903966,1094.6252332458507,639.4908018282371,368.93218562396834,376.05208152538114,400.0033882750859
1975-10-01,301.19927944257716,1084.717942075822,641.290244464961,369.9384334146578,376.4939626626788,400.55133485154846
1975-11-01,300.4733234412967,1088.166328808229,641.1667386277569,370.42411074155996,376.71382638950456,401.2772908528289
1975-12-01,299.93229416847197,1089.518255885816,644.0930640769789,371.1848386899483,377.95059553271176,401.81832012565366
1976-01-01,299.5732273553991,1088.0553483124743,649.204974073324,372.301538665361,379.3935173326045,402.1773869387265
1976-02-01,306.90093358136255,1090.714793054719,645.8569313997419,373.38568828459273,380.36446072069015,402.3564380161053
1976-03-01,307.30239478556376,1093.1802547900372,645.4580835558171,373.698462182209,380.47940787102925,402.53516907351496
1976-04-01,307.70082804588765,1091.3359698031813,645.5389843960293,374.8429381005539,381.0506204336897,402.7135812528651
1976-05-01,307.1674934483514,1091.7630684577787,644.0959132913997,375.81496538085315,381.49150105222816,403.2469158504013
1976-06-01,306.6369882253821,1094.9928968875329,644.4216372878019,375.7975153647236,381.5161823441546,403.77742107337065
1976-07-01,306.1092825152977,1095.593373119133,646.2941407324355,376.2835521873627,382.0983891622095,404.305126783455
1976-08-01,305.58434692668334,1096.2995121323477,646.7378524151325,376.37459420932095,382.7984659145196,404.8300623720694
1976-09-01,318.3536458422892,1097.8421713849662,648.6318406583142,377.38219841814976,383.08454874342095,405.35225677018457
1976-10-01,317.8341641545788,1100.85953661978,651.0457990730663,377.48786940656396,383.11859823696545,405.871738457895
1976-11-01,317.4893362266872,1101.7891165999247,650.9851961800429,378.5006345772868,384.5752852548018,406.21656638578656
1976-12-01,316.97431362905564,1104.2313650817541,649.1084885852256,378.87865518821735,385.60831429704524,406.73158898341813
1977-01-01,316.4619299290687,1094.787242191776,650.7101699031248,379.3233838791696,385.0636843713798,407.2439726834051
1977-02-01,315.4449720121058,1101.28584261901,650.7453339405857,379.3938549349191,386.5633457472452,408.260930600368
1977-03-01,314.94034520534336,1102.098701692272,650.9607271821634,379.9725596173149,387.8290404996641,408.7655574071304
1977-04-01,314.2714463902637,1100.519504611154,656.265053374724,379.9215496285249,388.7297842308012,409.43445622221003
1977-05-01,313.9386673809962,1097.2705358794783,659.2712780520151,380.2613191304919,389.5987115062749,409.76723523147757
1977-06-01,313.4415661087942,1098.7967109627182,661.5329220842312,380.301763312106,390.32385346958785,410.2643365036796
1977-07-01,312.9469237152616,1096.8680931658794,663.3964217903341,379.79367532398015,390.47748005421295,410.75897889721216
1977-08-01,319.06581850592505,1098.281507979237,666.5099298284861,380.43311075428545,390.50326295827614,411.25118661775497
1977-09-01,318.7390208294634,1100.3582075485388,664.6629243660026,380.7297843445976,390.97644568263274,411.57798429421655
1977-10-01,318.2508180697326,1100.1449629862652,665.1290510924571,380.6659378654369,391.1740965658669,412.06618705394743
1977-11-01,317.60356661917086,1102.0479888485668,666.9145432289487,380.69117920252637,391.2736750651412,412.71343850450916
1977-12-01,317.1208625443393,1104.0518951108184,668.9334910029148,381.49606314277713,391.42904328705475,413.19614257934074
1978-01-01,316.4808603597925,1094.5617669249432,668.6461047385058,381.3067047845088,390.03572240306954,413.8361447638875
1978-02-01,316.0035324845267,1097.1778081317848,669.0282943231564,380.962853116186,390.523602589917,414.31347263915325
1978-03-01,315.37061897936195,1098.0484572065006,670.3741803024856,381.737534610865,392.405631389125,414.94638614431796
1978-04-01,314.5850689853311,1099.5578624213972,669.9394216415737,384.00325743164365,394.47592784302736,415.7319361383489
1978-05-01,313.6504827435073,1097.8421713849662,667.1999527765055,383.29161596991776,394.83009312887395,416.66652238017264
1978-06-01,312.8782781341163,1100.1783124388094,670.1915793219525,383.8399285236284,395.51897688280246,417.4387269895637
1978-07-01,312.11199085955934,1099.4655534315002,672.8277006865752,384.1713410298117,395.47644366505983,418.2050142641207
1978-08-01,311.5031609728338,1100.8032209857345,671.4792324842804,384.8022792709929,395.8538202869613,418.81384415084614
1978-09-01,310.5968103574991,1104.2553767995876,674.4067624018635,385.5584073875202,396.1049332185189,419.72019476618084
1978-10-01,309.6986007259164,1104.9396827646397,674.8285579039568,385.883507524591,396.9128973448392,420.6184043977636
1978-11-01,309.1042453358316,1105.1746781093652,675.5649247151053,386.51347315183074,397.66171500187045,421.2127597878484
1978-12-01,308.51340166721496,1102.9893332154973,676.8138857834967,388.03793854636103,398.2101154454992,421.80360345646505
1979-01-01,307.633630596862,1100.456347064221,674.740551822616,386.18469813983995,397.56304682654246,422.68337452681794
1979-02-01,313.13388236877563,1100.9952263414198,677.0213132889753,387.15020072706074,398.0942540892744,423.70008626236245
1979-03-01,312.1274037071616,1102.8952720363654,679.7683626890502,387.6273333236212,398.4090611736174,424.70656492397643
1979-04-01,311.13095418121844,1104.8824381377108,679.9543162080536,387.74688270448723,397.32516800620556,425.7030144499196
1979-05-01,323.27842549143327,1104.5590272278766,680.214658570476,388.47849960622773,398.0739038598907,426.8297869345539
1979-06-01,327.5418475141895,1104.9603463848205,683.5673453198013,388.88900908761735,398.0679286941714,427.9440045898781
1979-07-01,339.4324502374393,1105.9613747404844,681.9142748894876,389.1207661507548,397.93227109849863,429.0459441148391
1979-08-01,358.2312119784977,1105.7613384467481,685.069617712384,389.43904617962374,397.25440924732766,430.00027991952913
1979-09-01,364.561833142365,1105.3790556609592,686.3730750211217,389.2240413931249,397.3656059781999,430.94559418390463
1979-10-01,365.2314785018771,1106.0824620246044,689.1736224275132,389.67436686115883,397.89655096814244,432.0151230955794
1979-11-01,370.84240501869067,1106.591935391719,689.7165032969226,390.13904799331186,397.7979271090835,433.0733340286331
1979-12-01,374.3904398812185,1105.8637692164496,690.1636920328684,390.48108603203815,397.88139878690083,434.25058765115983
1980-01-01,372.97014486341914,1104.0487033998998,692.4892499326514,390.8327184287019,398.35452087899495,435.67088266895917
1980-02-01,384.66402461652945,1104.6367891248785,694.9309534925583,391.18489902883897,398.39007782493485,436.94478524670217
1980-03-01,385.94804916401637,1102.9187794057257,693.822471799607,391.23361563912647,398.0580315405287,438.3275854074314
1980-04-01,388.82570338307215,1100.8601327333186,695.7462710103666,389.94869564854224,395.99956926972243,439.3213824064446
1980-05-01,387.841685602921,1099.8406027466415,696.732944519298,388.65923705663226,393.55520144651393,440.3054001865957
1980-06-01,386.86725645545323,1100.2243497551838,696.8797339775804,388.34113684838974,392.31113024135664,441.2798293340635
1980-07-01,386.7461177368235,1099.5560170764056,697.3893980275254,387.8084349615839,391.5337506395976,441.40096805269326
1980-08-01,382.1508997887314,1099.2823784643724,699.5002313306491,387.7171278340818,391.9058200309143,442.1247347827163
1980-09-01,375.9063510971041,1097.3319635777511,698.6911099846993,387.6248666698266,393.5206186717125,442.96256134731607
1980-10-01,374.9573522786193,1093.029032813262,697.8512879014977,388.2014211955733,394.7639153010466,443.9115601658009
1980-11-01,373.9003841296505,1094.4981367743133,697.9983703435157,389.1187853261579,396.49474687360333,444.9685283147696
1980-12-01,375.7100422822306,1096.9025016661003,697.8675944966084,389.1490039499622,397.05598021950567,445.89876758100104
1981-01-01,377.45520147995427,1096.6330511834522,700.3583460230727,388.86610271511387,396.48412365084897,446.8204330914934
1981-02-01,376.541953123627,1097.0895510823575,702.1977553787658,389.35009258806116,396.0113877530817,447.7336814478207
1981-03-01,375.8624488103442,1098.2055964809836,705.5311723699505,388.9941800143718,396.5565668088976,448.41318576110353
1981-04-01,375.29970112377134,1096.480996944306,708.1271671360169,388.8721419910863,396.12568806670697,448.97593344767637
1981-05-01,374.6285576649726,1095.0704611796928,710.5217426622576,388.9564081297222,396.6910732097047,449.64707690647504
1981-06-01,368.3339273738321,1093.8636652800235,711.8973221306472,389.3974914033264,397.1609912534278,450.53498507058805
1981-07-01,367.2350152162726,1091.5381693945842,714.7359286761501,390.0161737897952,397.7893139575448,451.6338972281476
1981-08-01,366.47289938816533,1089.8211574589072,712.5085039140415,389.4428119277028,397.7733963992272,452.3960130562548
1981-09-01,365.50149401611804,1090.0261079846377,715.5146279959498,389.7616528688272,397.17267327631527,453.36741842830213
1981-10-01,362.3626902242708,1090.69892081558,717.6774953506725,389.7933817309563,396.45623232060274,453.6891345234797
1981-11-01,364.7524268432023,1089.6417236644313,719.4387842959087,389.3612161152494,395.31572711866625,454.11648560121785
1981-12-01,361.6160200886171,1091.416367309072,721.7666893641806,388.6176442292871,394.2006959998077,454.4358046591334
1982-01-01,357.95681121949207,1090.955189292339,722.1864352612403,388.17340927208096,392.1840654212111,454.7541073151455
1982-02-01,350.6346681773732,1089.7806348667307,723.4492150827715,388.58307639562554,394.15410301392694,455.0714000192032
1982-03-01,340.36582723398334,1086.3518959435676,722.9275911670412,388.646660488035,393.4095603409932,455.0714000192032
1982-04-01,356.1345080961788,1083.8349369355674,722.2119056201609,388.3535872743596,392.51820442535677,455.3876891600541
1982-05-01,362.34368052241257,1085.4813326775939,722.0783526785578,387.8175176447306,391.9008549601858,456.33059818893923
1982-06-01,358.7805271636795,1089.1611757565456,722.4915903879522,387.24922602198933,391.5901474434136,457.4710978503383
1982-07-01,355.6373176904659,1088.3767404654818,723.8528979051233,386.80293197422554,391.2812693542395,457.98523780038016
1982-08-01,354.815748094406,1088.2303592894511,726.0012494796272,386.33147879009965,390.41420319772703,458.19015590487373
1982-09-01,359.6456606557099,1087.9577153622154,726.233671940006,386.5694838055865,390.1131912196787,458.19015590487373
1982-10-01,359.37731271285827,1091.139583666775,727.158408990997,385.19353644117115,389.20447627124815,458.5987366571318
1982-11-01,355.0965293334319,1092.2081772116057,729.0566648519491,385.01852605754226,388.8205609723715,458.49674786705725
1982-12-01,348.02160237060014,1090.1386842423121,729.3033860006283,384.6558188744622,388.09079127946984,458.19015590487373
1983-01-01,346.13211670713383,1087.3687324749562,730.6156388477018,385.8562100311077,389.99342297307635,458.39465495364647
1983-02-01,338.5772911336524,1081.6138669038492,732.126564901106,385.27467741244885,389.36349771148684,458.49674786705725
1983-03-01,338.025240998815,1083.4516737847475,732.2331275276086,385.9913588629595,390.1782752551649,458.5987366571318
1983-04-01,343.339933419159,1083.8901857672038,733.1727396220828,386.69268898519505,391.3631710767562,459.30976047538223
1983-05-01,340.922955335942,1087.1714542052653,733.1353445692204,387.0287260231534,392.05763213061886,459.71380142908276
1983-06-01,344.0005276810709,1087.5694237826958,734.2163315213526,387.64519920108637,392.65824997290366,459.91521136625283
1983-07-01,345.70560571235393,1090.88596508261,733.4360343070348,387.9177447718662,394.1612875148257,460.31681833174184
1983-08-01,346.19199399570687,1090.6056526055193,737.2166505696788,388.8803507271718,395.2548636036955,460.61696863211745
1983-09-01,343.3537289640008,1091.7984267326635,739.436904743632,389.9056299887492,396.74047307802994,460.9162207257629
1983-10-01,340.6803332040096,1091.3241122565632,739.1738101786979,390.27901131543626,397.56999054768534,461.3138355637268
1983-11-01,338.4909835297226,1091.992221732913,738.6224428057333,390.9839022272173,397.92310851213716,461.6110126026426
1983-12-01,336.1634729712586,1090.5248941767416,740.5374233443092,391.79772437163604,398.4516675296789,461.9073091157083
1984-01-01,337.002774959314,1090.7361231356012,741.0339053293864,392.6702729111074,400.40842768770347,462.5952725170619
1984-02-01,338.03513251927916,1091.3773053987247,740.4999214262974,393.19189617023744,400.86014715263747,463.0837932736669
1984-03-01,339.76601970100256,1090.8698089192594,741.1333394327422,393.02489001384816,401.34670617615586,463.37576428400035
1984-04-01,338.9120881172388,1091.2333582100025,742.3621008928014,393.18034756161137,401.98203496061814,463.7637376125593
1984-05-01,338.3980779698924,1090.5361492051395,745.072039736883,394.39384460904483,402.44691585610235,463.9571612705423
1984-06-01,336.3764846970732,1092.8540487762514,745.7485328960447,393.8291546322642,402.8113943628087,464.15021152354814
1984-07-01,331.85255404083716,1091.5537817785623,746.651201041102,394.955267418686,403.12734084187525,464.5351975620923
1984-08-01,333.28200842174186,1088.4561588086165,746.0182454704781,395.69998127475554,403.21978451061165,464.82296754485384
1984-09-01,333.20339403008416,1089.3130599698686,745.7615205613561,395.55029045883407,403.0396089194123,465.10991178764914
1984-10-01,330.94172784204426,1090.074186026223,747.6233895764848,395.7913732193234,402.8815328268391,465.49122778829053
1984-11-01,328.40551662776215,1090.1055368389364,748.5013911964118,395.93713687973957,403.2660629533968,465.6813419139929
1984-12-01,318.2349488099301,1090.0317361179987,749.9282416205382,396.4982560831447,403.3813998482066,465.8710952916121
1985-01-01,318.87579259638903,1087.7251781939485,748.982503359039,396.73443662523323,403.2116259363003,466.0604892876192
1985-02-01,324.47287671590465,1090.4624084897528,747.7906129587936,397.0465483393666,403.56484962125177,466.62652853479017
1985-03-01,327.488084804933,1090.8638800687575,749.4679906372351,397.562352427909,403.7147912357047,467.0957926526095
1985-04-01,329.2890334710532,1090.081471356366,750.8714019070126,397.21475492852625,403.445654404658,467.28288344619057
1985-05-01,324.9122696378386,1087.396168840477,753.4410195951233,398.1248463198144,403.5977182583298,467.46962486367016
1985-06-01,322.8798524669591,1084.5938892139072,752.5563825866897,398.0476851667087,403.6568899099473,467.7490847567717
1985-07-01,323.37690112682736,1086.5784004181364,751.4503792165675,398.1472199450797,403.00495669852455,467.9349584162343
1985-08-01,324.73813178661277,1086.3164348891794,751.3914669529797,398.31053191761515,403.416983918603,468.12048722640884
1985-09-01,326.4586497852074,1089.8525692006306,751.9475768696653,398.4780036900859,403.850057825823,468.3056724645162
1985-10-01,330.4097583011696,1092.9172633212522,750.4929834993083,398.67873763907403,403.43822210494176,468.67501729805144
1985-11-01,334.17589826107246,1093.770317667121,751.6543828637723,399.2658398967172,403.77459916406656,469.1347882229143
1985-12-01,321.3491492317241,1094.3285174180962,752.2122838306577,399.0761539960552,404.8220341266032,469.59245492565555
1986-01-01,303.86993724253125,1092.458648757164,753.1205820156655,399.6542262999523,405.27496996718327,469.9570861409576
1986-02-01,264.45118885935307,1092.4766390732361,753.5519619379749,399.3357432319238,404.6041529384933,469.7749367281185
1986-03-01,244.8029659097684,1091.5781315047118,755.1330810427952,399.1746154355917,403.9155971711546,469.2264892839025
1986-04-01,246.96887129104002,1091.7668224678373,754.546037980202,399.7718934261768,403.99376536349905,468.8591794127164
1986-05-01,265.1042882160938,1093.8813335967557,753.4940816301223,399.14388089460215,404.19629565403466,469.1347882229143
1986-06-01,251.05500446168887,1095.240316627806,753.5021732105212,399.66637413340294,403.852701372617,469.5010889987881
1986-07-01,235.80932367038338,1097.2113202453706,755.6523111859057,400.2085439871346,404.40490155327666,469.59245492565555
1986-08-01,262.24976135762404,1098.3259810463303,755.2670718016847,399.69356816852223,404.27126140065866,469.68373745139155
1986-09-01,260.69231359763205,1091.2434217543657,756.3502958667905,400.52133035064827,404.4723552996484,470.0480365792417
1986-10-01,260.1007825584111,1091.8900099784257,756.165965562441,400.77378306252075,404.92460754187107,470.22968967188143
1986-11-01,262.2815900303419,1093.5560386199697,756.0082526141156,400.72651829203664,405.3921793556154,470.4110133842995
1986-12-01,267.4770888261863,1093.8582664983,755.7711733625281,401.39823034975655,406.2175990826917,470.77267743131836
1987-01-01,281.82106686629896,1092.615464392398,755.9130060560254,400.25545128158547,405.9016130968801,471.3127327493184
1987-02-01,276.3491113583299,1091.3554743211068,756.1660569063599,402.49051624848187,407.18092044168355,471.67115607209985
1987-03-01,279.2061439471695,1089.9963381945902,756.7221805211109,402.257820532058,407.3464754975854,472.02829930885963
1987-04-01,280.59115054556855,1091.2315167634715,756.22319026329,402.82375227136066,407.9934568505441,472.47294210457306
1987-05-01,284.3828330459381,1092.6874013713755,756.0142605375846,403.25560341628386,408.6261986028744,472.7387818712341
1987-06-01,287.07981792562066,1092.1484511280535,756.7137216752867,403.54712081241246,409.0998971971004,473.18028369214574
1987-07-01,293.20135685892905,1096.6749999883923,756.6468961640658,403.7845460399974,409.7924812138464,473.44425216922303
1987-08-01,287.5682892147534,1098.042359978881,758.2749071007789,404.1656787226325,410.61841963262935,473.8826570800765
1987-09-01,283.4597072656246,1097.0026789217422,759.4940315332277,404.86799583959606,410.8873504130811,474.23200241353254
1987-10-01,284.8341304014341,1097.3378469886184,760.6737115410074,406.0719351671038,412.32057101562265,474.49321283632503
1987-11-01,279.69853955378244,1096.5419086290915,762.1612394137761,406.6175513825161,412.86010509001915,474.8404354073999
1987-12-01,270.2324497943529,1096.6698199438565,761.4003630625349,406.9054275226626,413.34691169061506,475.0135956238277
1988-01-01,269.4161088941543,1095.3133486514166,761.292776320763,407.7426081772984,413.3896951134126,475.35901911063644
1988-02-01,266.91507214884723,1095.4533452915548,761.1344061444875,408.1798522095246,413.8214706410388,475.5312844417811
1988-03-01,263.3338987719573,1096.082652957796,760.8352037337303,408.4240857941163,414.06252310340096,475.78912730057556
1988-04-01,272.46913974252504,1096.621649949308,760.6435714525644,408.5885215965441,414.6122322570397,476.38818771429123
1988-05-01,269.7383585409501,1096.1312915513508,761.0564453467173,408.67976558290974,414.50424293780355,476.6438333584214
1988-06-01,263.96624733553597,1095.5477375877108,761.7368502866851,409.2426390372863,414.76372731103135,477.0684624465665
1988-07-01,257.09682087546634,1096.2857674487498,762.0573253207596,409.05123955084764,414.81301648942133,477.49129605751864
1988-08-01,256.84339063832215,1098.2707179860531,760.8045797870026,409.84122778379043,415.23917476542096,477.912349311153
1988-09-01,249.3724008263979,1098.8707732556488,760.6673203677179,410.2481368444982,414.9542722686863,478.3316371371566
1988-10-01,244.30357780785394,1101.6753286475273,761.0171265703503,410.26207201523033,415.4473374870972,478.66580620334685
1988-11-01,245.25946845102274,1102.4267480111973,760.4438688760717,410.91402311520693,415.60274474096855,478.99886229806333
1988-12-01,260.0939097629189,1102.8287920392665,760.7748812239506,411.80218628096696,416.0870170294106,479.33081281034856
1989-01-01,269.71549795359374,1098.0134015881383,761.0785764404494,411.789945468357,416.3811543523452,479.74420736352135
1989-02-01,268.509128216455,1097.1937325097479,760.6239640132891,411.36022698346835,415.9289250862483,480.07369695320665
1989-03-01,276.7101106858307,1097.8820808205962,760.6328935324249,412.1734022851448,416.1473475395367,480.5659046737495
1989-04-01,283.85985406671927,1098.6131862237355,761.2625829735232,412.8079099951729,416.23458311225596,481.2997033190408
1989-05-01,278.4641901507337,1098.4792597846174,761.8779522805072,412.06482340828614,415.52938372153426,481.78592793984427
1989-06-01,278.0064736086728,1098.5420172392942,761.2872297413643,413.11280127906554,415.57876725148486,482.10876922105615
1989-07-01,275.86364182603273,1099.4163095061338,761.387994075472,412.49406903327525,414.6873759233941,482.4305715904762
1989-08-01,269.98236848314065,1100.904169071624,763.0217484211415,412.9191622319338,415.58456625640855,482.4305715904762
1989-09-01,275.36811269752144,1101.0414842234848,762.8105554748482,412.8618444574112,415.22360406378783,482.6712455935327
1989-10-01,277.3933511385294,1101.979502063315,761.9064029655015,412.72264775786374,415.1584639394176,483.15086281988204
1989-11-01,275.63737738396316,1103.2166605026339,764.3964173551027,413.17447088930555,415.49142805705833,483.54879410503014
1989-12-01,281.5214314951743,1102.637431760737,766.6854192554616,413.94409285854647,416.1097816526609,483.86600293564453
1990-01-01,287.68162433604516,1101.725574145455,765.000735594153,413.54655520388064,415.4368219181599,484.8116364598481
1990-02-01,284.90794560394914,1102.1473454918623,763.5626997484283,413.9524248198193,416.43431500290325,485.2030263919617
1990-03-01,276.48802389313954,1103.613437292657,767.3611404016688,414.37381950613326,416.9329887484241,485.67068118035183
1990-04-01,266.832664626207,1103.1670779294473,767.9352771684365,413.3442190877719,416.8175710349301,485.9036909945142
1990-05-01,264.80353855701895,1102.2446111549425,769.5915731925843,414.45998430599434,416.98044772319616,486.05872978525963
1990-06-01,256.4001433935375,1100.8815738992967,769.8230240152524,414.81478539291913,417.3115692552961,486.6764923676554
1990-07-01,265.8999466588807,1101.0542931129708,767.8796760679026,414.7998434917729,417.1978216609385,487.13732267627483
1990-08-01,302.7663800899007,1095.0119644286485,767.1895474479711,415.3454625909485,417.5048589637063,487.97670188912167
1990-09-01,323.5699546820326,1099.3882672557384,765.4955804726974,415.5459730367675,417.64958145828155,488.65826454262765
1990-10-01,329.31679736778375,1099.958351123317,766.0091137936269,415.4787520479887,416.88983873495647,489.33521334815237
1990-11-01,318.4638932108805,1101.316011689677,765.4727065577778,414.9967993022577,415.70892879702745,489.55984841078975
1990-12-01,301.40800573913015,1101.664126699888,764.8800817791943,414.78962295646545,415.0501178133734,489.93312245375813
1991-01-01,291.93545811678484,1101.3662073566004,764.3200698958664,414.9920854797607,414.6169798436841,490.3050083416319
1991-02-01,272.29241959568554,1100.8525320195101,764.5889377000688,414.28764390699797,413.9294027005595,490.37921984782065
1991-03-01,269.0085646126911,1101.2745309931033,765.8668687710355,413.88941605865676,413.3989864711751,490.37921984782065
1991-04-01,273.52130860474944,1098.9392443131776,763.551381765664,414.61364073125947,413.59710330644884,490.6015244966153
1991-05-01,275.1347006855534,1098.6397874694437,763.2103125667907,415.06421890244985,414.59181506569377,490.97093755062946
1991-06-01,269.79503492674155,1098.9655733472666,763.2083578465473,415.22127611420484,415.4843685967903,491.26548857360524
1991-07-01,275.53708572922824,1100.6285734781584,763.7888350868909,415.35050538993863,415.57986438631724,491.41243937154115
1991-08-01,276.4872351047766,1099.4650664854737,764.1835669406047,415.3055353833262,415.6541280979648,491.70569471366895
1991-09-01,276.97104965280164,1101.1958748736508,765.0733313173514,415.60202393294895,416.53480776757226,491.9980925828125
1991-10-01,282.908891820611,1101.1221611073756,764.4772612058226,415.88304257232835,416.35471894865486,492.14397152917843
1991-11-01,279.1325369930656,1101.527631559087,764.7507475246497,415.9154452785658,416.23287028889234,492.58033585795584
1991-12-01,264.77541553035866,1102.1972890857305,763.6060850903235,415.1137066532729,415.82610149152106,492.87019113335697
1992-01-01,261.06650814746126,1102.3085265452257,764.537250914545,415.53999931877314,415.25505752864626,492.94252386707126
1992-02-01,261.77538858718776,1100.9325506429238,765.3837711126769,416.23022314053276,415.95219417461885,493.15920867558026
1992-03-01,260.9985211840323,1099.8521446379486,764.4594543771963,416.1391964733127,416.81726142494585,493.5193098929397
1992-04-01,267.5631742441108,1100.4525729689292,764.6554991233771,416.3452938149269,417.5549670968742,493.73474983264236
1992-05-01,270.73341251675663,1098.558742522157,764.4865058722208,416.0489448713722,417.8733197273442,493.9497266262916
1992-06-01,277.075799680605,1098.9688977387748,763.7000686026706,416.18737630655954,417.8926184190754,494.2356453342962
1992-07-01,273.9990162263676,1099.7504800154813,763.7227235476703,416.6547852572909,418.7836423219641,494.5207488773801
1992-08-01,271.8881481938783,1099.7282925135848,764.3672205659668,415.99832591942373,418.2936772369641,494.73404437239424
1992-09-01,274.22792839828907,1100.1654408680565,764.2164393372487,416.5361894216435,418.53272099339716,494.94688588587684
1992-10-01,272.8217151487821,1101.4871106968283,764.5713387910213,416.70580148662697,419.27001002123853,495.37121466966346
1992-11-01,266.1326865088441,1101.0103393825314,763.9761106529276,416.6439306811537,419.7019976218791,495.65310351030547
1992-12-01,261.28665066222425,1101.5392928651022,765.2243938060514,416.06961263035805,419.78498580233037,495.7937505095806
1993-01-01,259.2103713253128,1101.2350786934232,765.8569657207487,416.84145455590186,420.20982120487014,496.14450499054846
1993-02-01,264.0005267920583,1101.8194950546822,765.3617187837211,417.5486665338938,420.64403449598376,496.35436865624047
1993-03-01,265.31633320277314,1100.6400247853041,765.9097615559845,417.4616166773671,420.5407289326694,496.49403348341264
1993-04-01,264.58887011650535,1099.4660403751554,766.0818500684144,417.74522603176683,420.8414044499831,496.84234452869464
1993-05-01,262.66967256709347,1099.7784878461382,766.3879687799812,418.0325297171526,420.51775764071664,497.1201224850849
1993-06-01,258.1392139820594,1099.3016882408479,766.7989219642803,417.6806188106486,420.6976576338646,497.1894465779825
1993-07-01,251.47901437152518,1100.3160278741552,766.8331650495945,417.69446124903925,421.00305858701034,497.3279507552487
1993-08-01,252.06883389742907,1100.0197699946714,766.7170005193946,417.5748650488721,420.89938037821844,497.53534799516166
1993-09-01,249.14370046675495,1100.0386707962418,766.4593755985353,417.94649719039023,421.3744068463434,497.67337424205743
1993-10-01,252.27020908905394,1100.8098977017173,765.9203119505185,417.9504156275099,422.12914075504153,498.08631357625853
1993-11-01,243.69124016700505,1100.9156054141981,766.5127693490892,418.24718857561436,422.55029331230924,498.3606621708336
1993-12-01,229.43489448581093,1101.554883008808,766.9902073490247,418.8296395649134,423.0821404414614,498.56593080260785
1994-01-01,232.75610790642227,1101.976734761394,768.2199874984865,418.7897441301807,423.4539744068819,498.56593080260785
1994-02-01,231.00554163592108,1101.6825714676745,767.1894855500615,419.1191590772208,423.4712118277718,498.83896851489357
1994-03-01,229.91802548392053,1101.5327962544804,767.3842294460909,419.9007384548528,424.5034976515534,499.1112627607392
1994-04-01,240.9439058118239,1100.7712726119134,767.2071293810457,420.546127912025,425.0279363842861,499.17922062947764
1994-05-01,249.50247799535848,1101.503465793995,767.3075385588863,421.06322581929396,425.5581503657557,499.38281757798745
1994-06-01,255.6750235883665,1102.0208387295997,767.6562691632874,421.8092881255179,426.194721434334,499.6536369716754
1994-07-01,258.33361935700816,1101.3649881937995,767.76047286613,422.0414059019225,426.35175542607806,499.991133073328
1994-08-01,251.24869969701732,1101.1874083947544,767.6942054799998,423.07821444503935,426.9346339116805,500.3946305945459
1994-09-01,245.91250318544027,1102.1861617992845,768.5488912248614,423.4424714832577,427.29550749353973,500.5957704545144
1994-10-01,247.2672365084117,1102.9959303945816,769.0465849002584,424.1823032281294,428.1486427086097,500.6627272698717
1994-11-01,249.17810531767523,1103.2782607031252,769.1098664121155,425.0481696313442,428.77406801717007,500.930107108312
1994-12-01,243.64495414084917,1103.7965091339217,769.5359341364043,426.1680222623713,429.8051099395495,501.1301738639416
1995-01-01,248.1023149761603,1103.142010367057,768.4620041990981,425.82067890918404,429.98548913782287,501.396308418893
1995-02-01,250.79438605115564,1103.9795513869062,768.5424221994892,426.0186913032243,429.84941991436807,501.66173657738034
1995-03-01,250.7036511296103,1102.7718853821857,768.179043638141,425.9562911671904,429.9860319574724,501.86034637454327
1995-04-01,257.18173775902875,1104.0656391542525,768.5282410716237,426.40625826350214,429.9677101656856,502.25638649615297
1995-05-01,256.327902072818,1104.0732561010489,768.2927606922777,426.0132127239032,430.2520657934524,502.45381992652466
1995-06-01,249.20985735627065,1102.6866759976926,769.8121386554868,426.5082762446358,430.594305845279,502.6508643252546
1995-07-01,242.80565686414684,1104.2233598943883,769.0239547621718,426.39537132546803,430.1964239306544,502.7820118850356
1995-08-01,246.74231102683004,1104.4332680015477,767.9035358124823,427.02354867502476,431.45544813087724,502.9784112935016
1995-09-01,247.71474720150252,1105.0622668054932,768.8263914300471,427.03678542992014,431.8494273853877,503.1091302663638
1995-10-01,243.0236037441673,1104.519413210253,768.6730856067995,427.0343674418217,431.73881085359767,503.37005670272515
1995-11-01,245.99835834059832,1104.8355526452387,769.5558005430452,427.54837536308435,431.9914500809764,503.50026505445504
1995-12-01,251.54091745064773,1105.4546486893069,768.4148764081616,428.3274375204411,432.3768351493461,503.6303040844833
1996-01-01,250.17855891264253,1105.343216816334,767.6332271536111,428.133630779904,431.7252085683928,504.148775757902
1996-02-01,250.98614886811725,1105.9701545665268,768.3999337099789,428.10456813836987,433.2744474494259,504.3425116919247
1996-03-01,262.00444684607965,1105.7356039571553,767.6992774083482,428.6027029770678,433.16855183997836,504.66457316192884
1996-04-01,271.46480754147444,1105.5026043338644,767.4477837967278,429.00422308406013,434.06940931800307,505.04968275213866
1996-05-01,260.91102532473064,1105.502999520585,767.7816616405665,429.6668753542571,434.8041889882577,505.24168281112105
1996-06-01,256.8819919114927,1106.0068861599088,768.3383967131174,429.8122470748491,435.63164420244897,505.4333149361975
1996-07-01,260.8569979937427,1106.142526648905,767.9439681292988,430.12397543392103,435.45924862560497,505.6245805348308
1996-08-01,263.6873922634315,1105.6253374538994,768.7661675340499,430.53878666022104,436.055398867241,505.7518879995106
1996-09-01,272.21127688707014,1106.3657674502178,767.9055966564147,431.03872284870954,436.7392577278233,506.06944939689924
1996-10-01,275.61779341252,1106.9239040145756,768.0174144063133,431.3238161938939,436.6713738434511,506.3860055333554
1996-11-01,270.4051458533042,1107.6212230014874,767.6880095276266,431.7775272302285,437.5358200003136,506.7015627532363
1996-12-01,276.9992646360937,1108.5041880213248,767.0264896056798,432.31280458426136,438.1812861826094,506.9532935343741
1997-01-01,275.94062287792013,1108.4027847508028,768.1889535520955,432.63672437962236,438.30723377358066,507.1416766356115
1997-02-01,263.2415768673461,1108.9493159134029,767.7978259817319,433.19536480394413,439.5045273254742,507.3297055220967
1997-03-01,257.5293286488459,1108.9277801540313,768.6332139136981,434.0009134154354,440.2068204009374,507.3923033332174
1997-04-01,251.22549153226723,1109.7274557288313,768.5774516184599,434.537081935606,440.23291370117124,507.45486198399084
1997-05-01,256.7015821421063,1108.7320657763566,768.3289088524485,434.75806244627205,440.83167510631165,507.45486198399084
1997-06-01,248.2093708411386,1107.5459033091975,767.2816494556685,435.65250918626646,441.32006366321417,507.6423034634259
1997-07-01,250.45584988440467,1108.2323763226693,766.9859276731356,436.0142923423874,442.069190513589,507.7670695432414
1997-08-01,251.72349634679284,1109.5771406485508,766.3985687514512,436.4554507152293,443.11655475472236,508.0161356744866
1997-09-01,250.77011155300377,1110.1078435655347,766.9142519002675,436.95753126980514,444.0145767431144,508.2645830072527
1997-10-01,257.74924162391824,1110.8866867262404,767.1739394772367,437.6308693360838,444.86625640871165,508.4505142662711
1997-11-01,252.36237713711506,1110.667845125353,769.1360711745357,437.4808018039643,445.7367150504905,508.5742766583061
1997-12-01,242.68025406096842,1110.3867309591815,768.8691995429713,437.41680870159945,446.04472582492764,508.6361004624392
1998-01-01,233.35811933630094,1112.2085042904678,768.8010211315634,437.2039933159309,446.5519537419548,508.75963352323834
1998-02-01,229.39055592743227,1112.7506483921534,768.5017652020761,437.9869810399724,446.6697462213386,508.75963352323834
1998-03-01,222.69564970916957,1112.5776585897836,767.8099425620015,437.6759412180762,446.7532086660766,508.75963352323834
1998-04-01,225.33015889034087,1112.3744891155197,769.3013083006368,437.60139697783666,447.1063770926994,508.88301416813124
1998-05-01,221.25500281639947,1111.5795869746737,770.5439365709799,437.8444100053241,447.74777136423626,509.12931971137107
1998-06-01,212.71195865622957,1111.168178408696,769.0111896033676,437.6428745688712,447.1148387419943,509.252245356844
1998-07-01,215.49490941879807,1110.974469577211,769.1554691036982,437.53891552636014,446.76124126466095,509.49764425300066
1998-08-01,210.12341716706888,1109.481574970398,769.3256136305503,437.88041981979865,448.79170099313137,509.62011824259025
1998-09-01,221.30684954874792,1109.6131780164285,768.6249300193564,438.1154754696974,448.6138871555833,509.6812990337308
1998-10-01,217.24472211375837,1109.7931703090617,770.146959885252,438.410921459812,449.40788359788667,509.92564857497837
1998-11-01,205.8037999233275,1111.0619810527821,770.0994838036391,438.5734252954922,449.3521049449089,510.04759980960455
1998-12-01,192.58989494359247,1110.798272040647,769.9097287272255,438.4538976099577,449.7318792891439,510.230248262208
1999-01-01,202.4370308496442,1111.1509099630475,770.9973928814838,439.40251141626845,450.1910794754881,510.4125637183595
1999-02-01,198.6784184896389,1111.6302400524478,769.6588195938065,438.82569359772816,450.7207792171507,510.4125637183595
1999-03-01,218.55602649712256,1111.1505364775594,769.6416490688224,439.6277359031184,450.9000637031851,510.47326174753715
1999-04-01,234.68009601440886,1108.9741297430028,769.3416351851554,439.68823648536153,451.15537709540183,511.13851971963993
1999-05-01,236.95679135529727,1108.6799840684425,769.7427798734758,440.61302933771503,451.88614711644794,511.19877883565437
1999-06-01,237.7424295152176,1107.0711617861557,769.7012484331066,440.675046628913,451.7232561982288,511.19877883565437
1999-07-01,248.820055903959,1109.3987504207232,770.2486469909502,441.36707611147636,452.3512090945314,511.6195789756748
1999-08-01,254.34051233005454,1109.2309916344348,769.6162953374766,441.79819259818566,452.7600999969344,511.8592435601348
1999-09-01,265.54386804793864,1109.2982658931357,768.9943335561196,442.4452063006794,452.36336130532646,512.2772794033107
1999-10-01,260.03293989085034,1110.066139622156,768.633345307799,443.02240041276207,453.66621969266544,512.455904041457
1999-11-01,269.65031884715467,1110.0346009802615,768.0566992436092,443.9625389049705,454.14206868241314,512.6342101808226
1999-12-01,273.76243408846864,1108.8032247425315,767.8148437941603,444.88971221631226,454.90663923113397,512.8714582161857
2000-01-01,277.5979305571999,1110.4203258270686,767.5981289929686,444.64462815586893,454.90843731765267,513.167228913909
2000-02-01,284.86642952119354,1111.306904870287,767.9027988241733,445.0088589659158,455.196453790147,513.5798437050262
2000-03-01,286.10306057812784,1111.354520655797,767.1212801849924,445.51036380618945,455.59620844950217,514.166355650266
2000-04-01,271.21377980345267,1112.3361117059992,767.082133950645,446.496606586676,456.32236010196436,514.1078590121546
2000-05-01,282.20184237396717,1113.0892419195127,766.4374741068357,446.9991723402526,456.5067724208722,514.2832463707641
2000-06-01,291.69228352884625,1112.785295714877,766.9449901782837,447.0991155119759,456.59801923629607,514.865659199363
2000-07-01,284.71153758631436,1113.6995760771617,767.2161499090914,447.4602169652214,456.4597118816186,515.1555985152633
2000-08-01,289.4673115922744,1114.8965190194824,767.3919825763294,447.9440962840922,456.14084580158874,515.1555985152633
2000-09-01,297.1241253545695,1114.91027507627,767.5056462885638,447.7214875225736,456.5498571193943,515.675380222625
2000-10-01,294.56186347833443,1115.5477079145276,766.9046282318757,448.0524229270225,456.2497521701139,515.8480421360238
2000-11-01,298.30226859490415,1116.3386570188009,767.2317444791212,448.4156462274478,456.2670743671962,516.0204064418402
2000-12-01,279.1172135244296,1114.533227618639,768.2224092697049,448.77248308112365,455.9954176909822,516.2497643405502
2001-01-01,282.4059962069729,1114.4154515578405,766.7019390269561,447.41898224345186,455.33493840718535,516.8208681201016
2001-02-01,282.279833306344,1113.7355267661342,765.0409910376825,448.2473372475064,454.72126293891984,517.0483995038152
2001-03-01,273.8804651767242,1114.6953004191741,766.9674450977606,447.3131164937229,454.4633247827332,517.105201550216
2001-04-01,274.3323952730095,1113.3408619817847,768.1109306698933,446.8716928871948,454.22953468305354,517.2754143572691
2001-05-01,278.2131315000374,1112.331313494063,767.3563004806834,446.85128842248963,453.560893872051,517.7843213080163
2001-06-01,274.28892235505907,1110.0031581713515,765.256707343451,446.6076840052512,452.9429959354598,518.0096735160606
2001-07-01,270.2019274416921,1112.8916909786544,766.211904063695,445.90966976446913,452.36574817321343,517.8407069875478
2001-08-01,273.98576162197946,1113.1469272370207,766.8244829061205,446.45694068877606,452.18135767365453,517.8407069875478
2001-09-01,267.6295465325175,1112.4534117126323,767.1675392402692,445.77240305242753,451.82987991993764,518.2345190295616
2001-10-01,252.6178993336358,1112.3085151509194,767.2766186704997,445.4439385036461,451.3802424629478,517.953383055807
2001-11-01,240.52942094735886,1112.8286430846204,767.191419614713,445.1744260129882,450.85425387044876,517.8970608915471
2001-12-01,238.84214093328518,1112.2151560709449,767.7598875612294,445.25173671401024,450.90017379769563,517.8407069875478
2002-01-01,240.41680832284538,1110.9512699365666,768.3830136937565,446.3063617123162,451.46665362883533,518.0096735160606
2002-02-01,245.54508384973872,1111.0911345345573,769.6340923905506,446.0356530167919,451.48865519092556,518.1783550292085
2002-03-01,261.5984053450956,1110.7936843324358,769.0461530084552,447.0050904764054,452.2933573464301,518.4588601219693
2002-04-01,268.45374090744525,1110.008447177775,767.7040020530841,447.7047681774283,452.6981591716816,518.9060380611087
2002-05-01,271.1572310591811,1110.8717965740414,768.7643882908801,448.0834100927399,453.1334176849076,519.0175207928334
2002-06-01,265.3900488596581,1110.6562103553329,769.1832730723125,448.27884047922186,454.0777787507418,519.07321558681
2002-07-01,270.5825506080099,1111.3466931221526,768.5146685984798,448.68234915059145,453.8454362914693,519.295685089021
2002-08-01,275.51240799470526,1110.9364792273207,768.7992856921577,449.02544980583264,453.8779283584537,519.5730777772936
2002-09-01,279.7915172332746,1111.7366825367155,766.9876597617009,449.3219223185441,454.0221980941527,519.7391447958076
2002-10-01,276.76787853333207,1113.8075639666386,769.1609666113468,449.43106897232116,453.68977691970326,519.9601393608879
2002-11-01,267.23421359806343,1113.9499430201236,769.3178303292087,449.78134569993244,454.1972632018693,520.1255653704904
2002-12-01,278.3937719418004,1111.5128034939598,769.2463949389465,449.4404533305022,453.7095821116187,520.2907181743378
2003-01-01,289.2559942576717,1112.3167255158303,769.6381605205768,450.5528508778726,454.2838295116872,520.7297968160868
2003-02-01,297.23119993458926,1114.6378812801775,769.5505654306369,450.52789089630545,454.60123628962447,521.275947818639
2003-03-01,290.3814917795507,1115.402848270328,770.5525823812654,450.58037808131894,454.3737237563712,521.4392131610276
2003-04-01,273.56851913405114,1113.844479289011,770.7348561463685,450.2859680982016,453.6533679566995,521.057845224003
2003-05-01,273.3422682277515,1113.8402910016432,770.159028751089,450.1279922313264,453.67328744348515,520.893955539682
2003-06-01,282.0051642587098,1112.6554056457785,770.9583364454852,450.5891582395806,453.8195633467273,521.0032451680464
2003-07-01,281.80813384044546,1113.5619587927615,772.1596469813755,451.32668263760723,454.23837290891856,521.330399222108
2003-08-01,284.0361337321503,1114.2234033126515,772.527851770268,451.1974818391205,454.0494055382772,521.7649463480582
2003-09-01,272.67823517221154,1115.1873957835187,773.4869048137209,452.14175299587123,454.6758987741356,522.0896219579453
2003-10-01,279.7492369295502,1116.4767717942154,773.417967338769,453.0474225618559,454.80091839094985,521.9815138393079
2003-11-01,282.1700584980429,1116.8053872312348,773.7373855453914,453.3773642279983,455.62152082376474,522.0355825078325
2003-12-01,285.25277546242296,1118.5645509578917,774.0425775353857,454.11088842965376,455.55018863705607,522.3054882047489
2004-01-01,291.2082244267066,1118.1301954255466,774.036338881746,453.94921358338786,455.7485110982641,522.7358277607543
2004-02-01,292.3558896253373,1118.101462932383,774.7631265880631,455.24540904251376,456.35437012857034,522.9503050547677
2004-03-01,297.7937250195534,1118.0243376653937,774.4238867426081,455.2218464538704,455.86423607988945,523.1643233280045
2004-04-01,297.442905455096,1117.977004163726,775.1954301123478,455.8725957957436,456.2944081166178,523.3245369804322
2004-05-01,306.3520026687174,1117.5239652263353,775.6494788094683,456.20572358986504,457.10672347225295,523.750522715128
2004-06-01,300.2064748540911,1119.7396714422189,775.8543869223569,456.1293008311736,456.28762753973416,524.1217774507464
2004-07-01,306.8876572337278,1120.3639159304491,775.4694919515784,456.81471122553666,457.04762514945304,524.2275975664412
2004-08-01,316.76937961274973,1118.950995707124,774.2685031311844,456.86741335732313,457.12896685739463,524.2804656617777
2004-09-01,318.67531486139603,1119.8048678949194,775.008823541946,457.2699988746068,457.2078650987892,524.5970886175828
2004-10-01,332.6686167436757,1120.6443646169016,775.9518203562367,457.7191404855523,458.1496154467846,525.1225759014186
2004-11-01,322.99772513248723,1120.1836646180932,777.5281261456138,457.866315834181,458.3361087073377,525.5931650051599
2004-12-01,311.80837716883104,1119.6818266090238,776.7192245901698,458.21981373782404,459.0558960019141,525.5931650051599
2005-01-01,319.6497859180848,1120.0711600329114,776.8141775681139,458.9936134837277,459.5140051950734,525.540986553676
2005-02-01,321.61694632704575,1120.4508298610374,776.6208841508317,459.05349109017095,460.19058638812817,525.9576538231606
2005-03-01,333.6670368600376,1120.8780350594216,777.8795636120653,459.2892421761912,460.03395371687503,526.3208189434469
2005-04-01,330.9905961452748,1121.2737249023544,778.1383708118163,460.0165583831521,460.16821097169395,526.6310570412951
2005-05-01,324.79932234389275,1121.4852123132837,779.2859357356796,459.64029659831914,460.33264874199295,526.5794174842478
2005-06-01,336.8843418636852,1120.9699069760368,778.5341018621021,460.3079401821348,460.73996987763746,526.6310570412951
2005-07-01,340.5123306308627,1120.7550322540733,779.2581858183672,460.39707669725993,460.4166682646996,527.2486606513514
2005-08-01,350.04710776782304,1120.8126938227033,779.6924002218874,460.71671906462745,460.6194661034279,527.86247332023
2005-09-01,349.5989166041145,1120.2124873725472,780.0454501959489,460.8006160807299,458.7661804895283,529.2299294222473
2005-10-01,344.44473654559727,1120.3427956881992,780.2235118288303,461.3771091925373,460.0106386569492,529.3807211070151
2005-11-01,338.20003256400327,1120.9742268477794,780.0953943217283,462.4366747310445,461.02860774708756,528.8771953704505
2005-12-01,340.1197381662156,1121.3610120981368,780.460275414657,463.0967553965104,461.62268353382797,528.8771953704505
2006-01-01,349.25617615131273,1120.704384759882,779.1611622844067,462.9712543388278,461.7407997571075,529.4811227218748
2006-02-01,343.1006093434505,1120.588223575981,780.1532707705769,463.8375728839149,461.7844526129146,529.5312857527738
2006-03-01,344.9900109272717,1120.3881918852353,780.1323420719259,464.15165799331817,461.97148969899706,529.681624042177
2006-04-01,354.74157656362263,1120.4782148381805,780.342501415245,464.5604585403068,462.40037164105667,530.1811255802293
2006-05-01,356.22083026878215,1119.8703504765442,780.1269730125225,465.23504835888616,462.2606289784959,530.4796332645747
2006-06-01,356.00094160699064,1119.7285384322158,780.0359280409901,465.5618023077321,462.6250428159249,530.7277107919509
2006-07-01,360.2047280565492,1121.129834406144,780.5344759751715,465.8864495630205,462.59419513613585,531.2713246831769
2006-08-01,357.91752033961757,1120.713712558909,780.5494591746615,466.27822746798176,462.94002525961713,531.7139120788624
2006-09-01,344.9799681844561,1120.3204033602105,780.7509727251369,466.65935475505165,462.766819707931,531.2220271717028
2006-10-01,337.2899135089921,1120.7836908177453,781.3420092026796,466.91585558201814,462.72241985820017,530.7772525318792
2006-11-01,338.06915368694706,1120.2823944331083,782.173076668544,468.1006520805045,462.63630229654194,530.8267697401205
2006-12-01,341.90898563867785,1119.9822194574215,780.7216484898514,468.7407100013836,463.6853913442111,531.3698468586339
2007-01-01,328.9298092543661,1119.5022094875278,780.8020589994622,469.3220439824917,463.1937717615063,531.5356374642572
2007-02-01,336.7877504357399,1119.8535764480687,781.4953417511272,469.5337162166659,464.2137400380813,531.9227223776111
2007-03-01,338.4390923847974,1119.7473897844243,780.8276598289748,470.1859414467535,464.39465696724227,532.4413871269311
2007-04-01,343.6174368698828,1120.072608456132,781.1544570258168,470.3213899011179,465.1172658629801,532.741004075131
2007-05-01,342.4045454734907,1119.424795881593,782.1883547744475,471.2343357791669,465.15832413574844,533.1534517408234
2007-06-01,348.31528540781665,1118.8889733434967,782.4397979787788,471.3833541261219,465.16538827816447,533.3848589587692
2007-07-01,357.60371559951636,1119.5912482974056,782.0491829948561,471.8302423429047,465.12051294490425,533.5627602054374
2007-08-01,355.1302519038649,1118.6980620393115,781.2698308921493,472.2594935245345,465.31238098790624,533.5935835254492
2007-09-01,364.6157002126089,1119.7685539043023,781.0996814537156,472.3232293811326,465.6589272463485,534.016443549993
2007-10-01,371.859743375671,1120.692326577508,780.0441928217589,472.97955372992686,465.1786560616671,534.3242929901029
2007-11-01,380.3967962207191,1120.2940658558475,779.8489835480905,473.39406383005837,465.709353185152,535.1071093983902
2007-12-01,377.00547481228045,1120.8975925174452,780.3154749718769,473.60677380978905,465.70156778865294,535.3964917386851
2008-01-01,377.9825207401519,1121.0117977989307,780.4915955399762,475.08147915214056,465.41460472004746,535.7406692754025
2008-02-01,380.29029166430405,1121.2602228619055,780.0135761604564,474.53694240399045,465.0851713826686,535.9821601391479
2008-03-01,390.10564543389904,1121.5029811017866,781.5776793633646,474.2229348707955,464.8401116690346,536.3393243284224
2008-04-01,396.30404861050715,1120.7026874685348,780.5727594038084,474.6517827000118,464.0926250324996,536.5704950249732
2008-05-01,406.4994063872682,1121.1326196047337,780.1631234657809,473.7676303197356,463.5872024035624,537.1605002317856
2008-06-01,412.04587402721,1121.158980506721,779.8751432355434,474.03057911752916,463.4227891828016,538.2028721115022
2008-07-01,410.96773380900015,1122.1623515328045,781.1255175653297,473.3621446565204,462.89560461392824,538.9144786508526
2008-08-01,397.63500176201006,1120.5472564716658,781.8900443147131,472.4581229054305,461.400603465049,538.7655201900232
2008-09-01,386.0089155893368,1119.1693503140264,782.3617031665094,471.4394925905143,456.99978271789644,538.8509928199904
2008-10-01,356.4545479505568,1120.6220261336218,782.5338266659236,469.8828092449383,457.9403046300199,537.9874311800346
2008-11-01,329.3900893020531,1120.4054620968056,782.9908505891681,467.14156869063623,456.7045591876779,536.2010217707528
2008-12-01,296.548732597888,1119.315578086525,783.7734279405545,463.876355684761,453.7355905404228,535.3742612653447
2009-01-01,298.03599006514327,1117.7861735936317,783.9931165000855,461.00622005485167,451.34024244049675,535.6270186985713
2009-02-01,291.29197744332424,1118.5123373777753,783.7984470748833,461.84851471487167,450.688348072378,535.9906229217158
2009-03-01,311.70359847237535,1118.2363726888725,783.666025367218,461.35390689917404,449.07835011969627,535.8918458675886
2009-04-01,315.30593122141,1118.4474313264823,783.329511591109,461.54006756129274,448.17316883114194,535.9925034428084
2009-05-01,332.402037706996,1117.8767388613437,782.6650752466034,462.1071093819756,447.0980290884108,536.139544676073
2009-06-01,347.94227119161667,1118.1594489387885,781.946699529577,463.07950468268285,446.66549661313456,536.9660806616172
2009-07-01,339.60957347432105,1119.333130881419,782.6621512691567,463.96044624074125,447.7120882075574,536.9362796761015
2009-08-01,349.5989120029077,1118.6253052827162,783.0879573026683,464.78100471870283,448.81126371025283,537.2705656551896
2009-09-01,347.12865512852875,1119.2894152624542,782.922973766288,465.90445465566745,449.5610867682932,537.4634682018732
2009-10-01,355.59001790589633,1119.9149214861131,782.3204694245869,466.3888992892432,449.884920923514,537.7632117017317
2009-11-01,358.1929014530681,1119.8833569699516,783.6524388975471,467.31605551374537,450.292813619057,538.0975113562248
2009-12-01,353.1785982994759,1119.469662106267,783.4331661196096,467.90431305249865,450.5642625522709,538.1495154717046
2010-01-01,358.2551878722568,1119.6943364354952,783.9078498606816,469.7462179282757,451.70338127911,538.2143676592892
2010-02-01,356.02231812906984,1120.467585675436,783.548478324245,469.61537467330993,452.0687971605007,538.1191446716147
2010-03-01,362.1055162738231,1120.8768422424566,783.6178877772059,471.0696187952303,452.7634499775103,538.1522759962044
2010-04-01,365.9932231906123,1120.858622905997,783.231962737741,471.52346208504,453.1824999762276,538.175277403992
2010-05-01,352.5837909307344,1120.9434961788243,783.448532121961,472.3670297817225,454.67399048441905,538.1232866875345
2010-06-01,354.65001270629796,1121.0943366107253,783.9927116371813,472.1719572122832,454.8659092003196,538.0813983997616
2010-07-01,355.80786422294096,1121.451942915547,783.804703962499,472.6373144812811,455.32630190087843,538.2681492658975
2010-08-01,356.24934195196363,1121.3624554481007,784.4388230574281,473.0116834920723,455.74337164873987,538.4141789386214
2010-09-01,354.102737840448,1121.7747098718348,784.2999959250636,473.2421147930445,456.0238717467664,538.5755735696871
2010-10-01,362.1437642448449,1121.630274376471,785.2543881949437,473.71997013593744,455.7853186179,538.9231534398666
2010-11-01,364.58900928925664,1122.4443072347678,784.3027317928851,474.29458091105863,455.82494233981964,539.17621712579
2010-12-01,369.8485190258631,1122.3823184500295,783.9684212500562,475.46232779779666,456.68907896570846,539.5770702696749
2011-01-01,369.950605921637,1123.0383492872725,784.162845609686,476.8396415290375,456.58616289766513,539.9008497577555
2011-02-01,369.80844499382647,1122.7130011732706,783.8988694007978,476.6740415612418,456.14638273528846,540.221781682898
2011-03-01,383.1938451998062,1121.3470226643858,783.8295462872577,476.38486001387264,457.1039297671946,540.7378028214637
2011-04-01,389.3952977780772,1121.2624913321142,784.1502722042621,475.884017887532,456.7184789516877,541.2061144263693
2011-05-01,380.8314895393504,1120.2512867108803,783.9457793390199,476.80030661981834,456.9409320652662,541.5237808054812
2011-06-01,375.72968491854704,1121.3150568164308,783.3679835901878,477.0604112750108,457.1768509354061,541.5237808054812
2011-07-01,376.39835929299943,1121.7021417863505,782.5302189286721,477.3645491008221,457.6067789577558,541.7854418573477
2011-08-01,364.2343432373135,1122.402598511201,781.3771039997615,477.58079186305184,458.1929194286123,542.1003915862387
2011-09-01,363.17991754242144,1121.5289078990684,780.4920200759194,477.51914028192044,458.1172531858139,542.3173109318271
2011-10-01,364.0425506846153,1122.255311028556,780.5609920739018,477.5327220749151,458.82518750493614,542.3848088995246
2011-11-01,375.63495389453277,1123.5618583600776,780.8781053938085,477.4028737449164,458.69848302030425,542.5694233875741
2011-12-01,377.000522754773,1124.1009255583353,781.213087868252,477.70545397765034,459.2006929211774,542.5931914117709
2012-01-01,378.4085090300933,1124.291957753139,780.5389833922712,477.72421225547095,459.8411396743537,542.8652406274972
2012-02-01,380.1803409599163,1124.7083941840194,780.0780049914138,478.1800822439795,460.1380012345951,543.0787571311839
2012-03-01,383.7521274960608,1124.295560111702,780.7498229180641,477.4096322051327,459.58004265707075,543.2878853443237
2012-04-01,380.85596720050427,1124.6933126996178,781.7462495734416,476.9878528712798,460.3795241184552,543.4538264209313
2012-05-01,372.34162437410936,1123.7605861331251,782.3014318896876,477.5820379390036,460.555411227896,543.246794243903
2012-06-01,358.5235737121928,1123.515332651607,782.7717618175523,477.16413016910843,460.58469569269687,543.1641237641455
2012-07-01,364.97812235070455,1123.7727671926725,783.0079157569253,477.27918074550405,460.82055745316126,543.1930005871957
2012-08-01,371.2442925325032,1123.8401510211427,783.1097825774887,477.1610337018638,460.4301809057959,543.7722723615079
2012-09-01,371.36127136452484,1123.1643666995462,783.624737396181,476.6160433397346,460.4307814252452,544.2482643478538
2012-10-01,365.50148202422577,1123.8295311111965,783.0255937416396,477.1179794503272,460.72310609257585,544.5175808232938
2012-11-01,362.36675502409946,1124.5419283476413,783.4557199753845,477.1293067702186,461.21487788660573,544.3495052058861
2012-12-01,364.19699186782833,1124.5916621123463,782.7710813141301,477.2807131118133,461.4904651959954,544.3373963123214
2013-01-01,371.04257910938065,1123.7013848117363,782.8048441230567,477.37970590001953,461.40853277525275,544.5352792889694
2013-02-01,371.1641807479984,1123.4264314707466,783.0425915008403,477.49198850491894,461.97346080067535,545.0768030738649
2013-03-01,369.0355018311654,1123.6083624321986,783.2014498998593,477.53985636303736,462.2735017167563,544.7952150764696
2013-04-01,368.18573546574896,1124.1741612019391,782.732184687968,477.5842148505894,462.18325938344174,544.5861988630356
2013-05-01,371.0663536867923,1124.1105324286725,781.6299941847137,477.6179682916552,462.19447037730805,544.6276058381145
2013-06-01,371.8779233061806,1124.0778758055524,782.0161894510381,477.4983925559182,462.3726939466478,544.86536379031
2013-07-01,380.4800158453465,1124.7207081730132,782.524883445324,477.9152225323876,461.8056795811169,545.0609176890296
2013-08-01,382.097860969929,1124.4090530800613,782.5154525758496,478.20221477915777,462.57293897532,545.2993622521666
2013-09-01,381.79708973457844,1123.7201607213115,783.9141317451948,478.4222271096578,463.0550367027142,545.3370496187798
2013-10-01,376.18202602012326,1124.1915372815208,784.075069057925,478.36769680389534,462.9597397509056,545.3905584051288
2013-11-01,369.12261218574974,1124.5612917921055,783.8757572872287,478.8164096605521,463.2869007109513,545.5748374496866
2013-12-01,372.79659552354394,1125.0087278219312,783.8332309685361,478.8088720046981,463.56790222412724,545.8389053990231
2014-01-01,369.39780353977795,1125.4904196030177,783.8639512123763,478.9177650996354,463.0899334360323,546.1061020793313
2014-02-01,375.6702607290294,1126.1402500661482,783.4807587514495,479.13648808772973,464.0819143394061,546.1804327352282
2014-03-01,375.46631946599393,1125.3894857687835,783.108104939164,479.19110370398784,464.97094229937954,546.364534696542
2014-04-01,376.5037290913767,1125.476335905444,782.6511844523963,479.5778490761213,465.1869594622007,546.5791747489731
2014-05-01,376.4407347711447,1125.0888396968135,782.7561542896758,479.29875163948503,465.4721013161005,546.7498802179297
2014-06-01,379.77731073621567,1125.6141103846292,782.6203729194536,479.32929730697606,465.84246560129026,546.8853075624618
2014-07-01,377.5506522472687,1125.9536987335173,782.2020770955532,479.4066616283489,465.8634172717412,547.0104463585416
2014-08-01,370.52168678405883,1126.1674963217408,782.8727755804157,478.51354787523695,465.79997996326233,546.991074837985
2014-09-01,367.00597002756393,1127.2991744348544,782.2729948659269,479.61431596294955,466.09161027235297,546.9965497785518
2014-10-01,357.0793146913472,1128.2388272933485,782.7409279513785,478.93996516260273,466.1454106459038,546.994444067653
2014-11-01,346.4899203187781,1128.34989672202,782.214896316314,479.51590082837805,466.9209207396441,546.8237340624248
2014-12-01,322.26356248319837,1129.365253811503,782.6740199105549,480.1261601847118,466.70147692312327,546.4975218875385
2015-01-01,300.11003194679796,1128.6383144377714,782.8501349427515,479.8722203677811,465.9798512967007,545.8887398177478
2015-02-01,306.7975634839432,1128.380005797845,783.753631187368,479.58779766307185,465.8067143819778,546.0750792390479
2015-03-01,300.89688010528494,1129.5046904236694,784.8524137261585,479.66639775322227,465.466962237403,546.364534696542
2015-04-01,313.79223220923575,1128.9992016582853,785.2921115323229,479.49980242221335,465.07399320780456,546.4530713274703
2015-05-01,321.941587281058,1128.947874270435,785.8426028746254,479.07447694894216,464.7120823351328,546.7857588977258
2015-06-01,322.5845896995106,1129.4742215990104,785.8213820693499,479.64433410266895,464.4320704370085,547.0664342194788
2015-07-01,306.2791848070334,1130.126263227416,785.6903548239095,479.45661554842667,464.9330601773746,547.2241261474235
2015-08-01,289.11180124820044,1129.9385649798714,786.8331783705025,479.69785588287516,464.9274148953219,547.2224454115972
2015-09-01,295.2414188418232,1129.6744369411142,787.3727269597359,479.7605024643299,464.63485969844476,547.0028666452195
2015-10-01,296.7304205758696,1129.8478364670916,788.1088650251501,480.0624952228514,464.44341674360555,547.127858507563
2015-11-01,288.0688350804249,1130.5786774833516,788.6383334199224,479.58256280628484,463.85711123718403,547.2573148929624
2015-12-01,274.9666575323076,1130.7700905278784,789.5341813769631,479.32401618484937,463.393158300794,547.1543518601994
2016-01-01,258.86270969522946,1130.7948767529533,788.945343185178,479.88910783992446,463.93996172387233,547.2228655982021
2016-02-01,254.66753955216544,1129.8556553655465,789.058808275271,479.7575360489939,463.73323925463524,547.0302351240608
2016-03-01,275.8480457824004,1129.8205708658863,788.6450551690008,479.8590800950871,463.0119351031921,547.2363106374231
2016-04-01,283.6819593364957,1128.7006189896679,789.0785631573162,480.0494290681179,463.34631388365574,547.5806432310005
2016-05-01,297.08297733780125,1127.7088441328194,789.5226752515846,479.96996456587084,463.2349460368295,547.8298687124095
2016-06-01,301.11332814507904,1128.839820677505,790.0856484848383,480.59214160448323,463.5940874957405,548.0947209150371
2016-07-01,292.31439324986263,1129.734697627482,790.4665540815942,480.0682577640957,463.68364746570904,548.0880560811972
2016-08-01,292.2584064150808,1129.0581593826585,790.426051983167,480.5097540021687,463.6144490787397,548.3006950684128
2016-09-01,293.09572266059945,1129.4670694071435,789.9395343179792,480.3346864862762,463.46299541997143,548.4867470421955
2016-10-01,302.5222737431579,1130.9235950789941,789.9654135814533,480.7405157030844,463.64188217922526,548.7560745495958
2016-11-01,293.7120446192397,1132.2151567575256,790.3605343983362,481.21160586200375,463.4222063648574,548.9272380897344
2016-12-01,306.36646558527775,1131.5577576199632,790.581559437206,481.07171760558793,464.2152819585625,549.2172159155665
2017-01-01,306.8700382777855,1130.425948109119,791.2104246724963,481.16826035574593,463.9158000609685,549.7282972807815
2017-02-01,308.6704764220007,1130.4190115204406,791.2929570597842,481.57542051690933,464.15387587299637,549.7586170728724
2017-03-01,300.76948851364904,1129.4169897358736,791.36627873866,482.0194246336311,464.3584805104085,549.6007716097248
2017-04-01,304.0646878682653,1128.8835340797252,790.7971867714919,482.3592158176292,465.4405965142131,549.7524719118776
2017-05-01,298.95181230932667,1129.6116557367573,789.9802605919879,482.5553248221278,465.46096631177534,549.6803404655884
2017-06-01,291.85253327928496,1130.267728480581,789.8230974711579,482.56146544629763,465.6363175345261,549.7299364235099
2017-07-01,294.92793258495783,1130.9370792619457,789.6218068396026,482.3652182456616,465.4042251565416,549.8134970958743
2017-08-01,297.487715628781,1130.1847950368872,788.5414645233236,483.10056439820005,464.97658512479154,550.2327026912064
2017-09-01,300.66629322223105,1130.4297919794828,789.0824562268747,483.1593034454777,465.27090914692974,550.6923763599816
2017-10-01,304.06055356380375,1130.7027721150896,787.1620377941719,483.3866517283517,466.9019719828416,550.7698650803253
2017-11-01,313.08347139945374,1131.5008651868584,787.1954418388076,484.2187087532995,467.1606592501318,551.1050921379018
2017-12-01,315.047631067751,1131.2031789094237,787.0538008910958,484.37327146870973,467.6152277664021,551.3065777073864
